{"stats":{"minecraft:killed_by":{"born_in_chaos_v1:bonescaller":1,"minecraft:vindicator":1,"minecraft:skeleton":6,"minecraft:guardian":1,"minecraft:pillager":1},"minecraft:mined":{"minecraft:dark_oak_planks":3,"byg:short_beach_grass":1,"minecraft:oak_slab":3,"byg:reeds":1,"minecraft:spruce_planks":1,"minecraft:white_bed":3,"minecraft:quartz_block":3,"minecraft:potted_blue_orchid":1,"minecraft:oak_fence":1,"tconstruct:earth_slime_tall_grass":1,"minecraft:oak_planks":6,"minecraft:spawner":2,"minecraft:spruce_stairs":2,"minecraft:fire":22,"minecraft:dark_oak_stairs":2,"tconstruct:earth_sky_slime_grass":17,"tconstruct:earth_slime_leaves":9,"minecraft:oak_log":3,"tconstruct:sky_slime_dirt":22,"tconstruct:earth_congealed_slime":7},"minecraft:custom":{"minecraft:mob_kills":28,"minecraft:interact_with_crafting_table":5,"minecraft:open_barrel":42,"minecraft:play_one_minute":122098,"minecraft:damage_dealt_resisted":63,"minecraft:leave_game":2,"minecraft:time_since_death":19525,"minecraft:sleep_in_bed":2,"minecraft:climb_one_cm":1380,"minecraft:time_since_rest":2491,"minecraft:sprint_one_cm":68667,"minecraft:damage_taken":3509,"minecraft:walk_one_cm":51389,"minecraft:drop":8,"minecraft:damage_dealt":6149,"minecraft:swim_one_cm":160557,"minecraft:fly_one_cm":87113,"minecraft:open_chest":13,"minecraft:crouch_one_cm":15803,"minecraft:deaths":11,"minecraft:sneak_time":7675,"minecraft:walk_under_water_one_cm":13604,"minecraft:jump":745,"minecraft:walk_on_water_one_cm":18305,"minecraft:fall_one_cm":12500,"minecraft:inspect_dispenser":1},"minecraft:picked_up":{"minecraft:feather":17,"minecraft:ladder":1,"minecraft:flower_pot":1,"aoa3:cooked_chimera_chop":2,"minecraft:oak_log":3,"minecraft:string":2,"minecraft:blue_orchid":1,"minecraft:spruce_planks":1,"minecraft:oak_planks":6,"minecraft:dark_oak_stairs":2,"minecraft:oak_slab":5,"minecraft:pillager_spawn_egg":1,"byg:reeds":2,"minecraft:oak_fence":1,"minecraft:spruce_stairs":2,"minecraft:porkchop":2,"tconstruct:sky_slime_dirt":41,"minecraft:white_bed":3,"minecraft:spider_eye":1,"minecraft:dark_oak_planks":3,"minecraft:quartz_block":2,"minecraft:arrow":2,"minecraft:slime_ball":31,"minecraft:parrot_spawn_egg":1,"minecraft:mutton":2,"minecraft:white_wool":1},"minecraft:killed":{"tconstruct:earth_slime":6,"minecraft:pig":2,"minecraft:vindicator":4,"minecraft:spider":1,"minecraft:sheep":1,"minecraft:skeleton":1,"minecraft:pillager":10,"minecraft:zombie":1,"minecraft:drowned":1},"minecraft:dropped":{"byg:reeds":2,"minecraft:bowl":2,"minecraft:feather":13,"minecraft:oak_planks":2,"minecraft:spruce_planks":1},"minecraft:crafted":{"minecraft:golden_axe":1,"minecraft:oak_planks":12,"minecraft:crafting_table":2,"minecraft:spruce_planks":80,"minecraft:golden_pickaxe":1,"minecraft:stick":8,"tconstruct:earth_congealed_slime":6,"minecraft:golden_sword":2},"minecraft:used":{"tconstruct:earth_congealed_slime":1,"aoa3:cooked_chimera_chop":1,"minecraft:flint_and_steel":61,"minecraft:oak_planks":4,"minecraft:ladder":1,"minecraft:spruce_planks":78,"minecraft:iron_sword":100,"minecraft:cooked_salmon":1,"minecraft:white_wool":1,"minecraft:mutton":2,"minecraft:oak_slab":5,"minecraft:crafting_table":2,"minecraft:mushroom_stew":2,"minecraft:spruce_stairs":1,"minecraft:white_bed":3,"tconstruct:sky_slime_dirt":41,"minecraft:dark_oak_planks":2,"aoa3:cooked_rainbowfish":2,"minecraft:golden_sword":31,"artifacts:everlasting_beef":9,"alexsmobs:animal_dictionary":1,"aoa3:raw_rainbowfish":1,"minecraft:golden_axe":6,"minecraft:pillager_spawn_egg":1,"minecraft:golden_pickaxe":6}},"DataVersion":2586}