{"stats":{"minecraft:killed":{"minecraft:drowned":1},"minecraft:picked_up":{"minecraft:slime_ball":24,"tconstruct:sky_slime_dirt":24},"minecraft:killed_by":{"minecraft:skeleton":1},"minecraft:used":{"alexsmobs:animal_dictionary":1,"tconstruct:sky_slime_dirt":14},"minecraft:mined":{"tconstruct:earth_sky_slime_grass":8,"tconstruct:sky_slime_dirt":14,"tconstruct:earth_congealed_slime":6},"minecraft:custom":{"minecraft:open_barrel":1,"minecraft:time_since_rest":63125,"minecraft:play_one_minute":73190,"minecraft:crouch_one_cm":1985,"minecraft:sprint_one_cm":8984,"minecraft:deaths":1,"minecraft:damage_taken":290,"minecraft:walk_one_cm":6352,"minecraft:sneak_time":966,"minecraft:walk_under_water_one_cm":3642,"minecraft:mob_kills":1,"minecraft:jump":57,"minecraft:damage_dealt":302,"minecraft:leave_game":1,"minecraft:time_since_death":63092,"minecraft:walk_on_water_one_cm":7236,"minecraft:swim_one_cm":17782,"minecraft:fly_one_cm":9975,"minecraft:fall_one_cm":1345}},"DataVersion":2586}