{"stats":{"minecraft:dropped":{"minecraft:enchanted_book":2,"minecraft:bread":8,"minecraft:iron_sword":1,"byg:palm_sapling":1,"minecraft:wheat_seeds":4,"minecraft:feather":1,"minecraft:cobblestone":1,"born_in_chaos_v1:pieceofdarkmetal":5,"minecraft:coal":25,"tconstruct:materials_and_you":1,"aoa3:worn_book":2,"tconstruct:copper_ore":7,"minecraft:writable_book":2,"byg:mahogany_sapling":5,"minecraft:bone":1,"minecraft:kelp":2,"minecraft:iron_nugget":1,"alexsmobs:animal_dictionary":1,"minecraft:rotten_flesh":4,"minecraft:wooden_pickaxe":1},"minecraft:killed":{"born_in_chaos_v1:scarlet_persecutor":1,"minecraft:skeleton":2,"aoa3:ghost":1,"alexsmobs:centipede_head":1,"artifacts:mimic":1,"alexsmobs:seal":1,"aoa3:void_charger":1,"aoa3:void_walker":2,"aoa3:bomb_carrier":1,"born_in_chaos_v1:decrepit_skeleton":2,"born_in_chaos_v1:zombieswith_door":1,"aoa3:boneback":1,"born_in_chaos_v1:diamond_thermite":5,"minecraft:enderman":1,"minecraft:cow":1},"minecraft:used":{"alexsmobs:emu_egg":7,"minecraft:writable_book":4,"aoa3:void_walker_spawn_egg":1,"aoa3:cooked_charger_shank":1,"minecraft:chest":2,"minecraft:iron_sword":89,"minecraft:torch":26,"minecraft:dirt":96,"byg:rainbow_eucalyptus_crafting_table":5,"byg:purple_sand":1,"aoa3:carved_rune_of_travel":2,"minecraft:lantern":1,"minecraft:item_frame":1,"byg:rainbow_eucalyptus_planks":3,"minecraft:furnace":9,"byg:pink_sand":1,"minecraft:acacia_planks":1,"minecraft:diorite":1,"minecraft:cow_spawn_egg":1,"minecraft:stone_pickaxe":99,"minecraft:wooden_pickaxe":8,"minecraft:sugar_cane":4,"byg:mahogany_crafting_table":2,"byg:mahogany_sapling":1,"aoa3:ancient_rock":2,"byg:mahogany_planks":1,"waystones:waystone":1,"minecraft:bread":18,"minecraft:iron_pickaxe":220,"minecraft:gravel":1,"minecraft:stone_axe":26,"minecraft:cobblestone":64,"byg:scoria_cobblestone":1,"born_in_chaos_v1:tridenthayfork":61,"minecraft:andesite":1,"minecraft:yellow_bed":1,"minecraft:experience_bottle":2,"byg:rainbow_eucalyptus_sapling":1},"minecraft:killed_by":{"minecraft:drowned":1},"minecraft:crafted":{"minecraft:coal":54,"minecraft:furnace":4,"aoa3:runium_chunk":27,"minecraft:stone_pickaxe":1,"minecraft:chest":2,"byg:mahogany_planks":32,"byg:rainbow_eucalyptus_crafting_table":1,"minecraft:wheat":189,"byg:rainbow_eucalyptus_planks":24,"minecraft:wooden_pickaxe":1,"minecraft:stone_axe":1,"minecraft:bread":60,"minecraft:air":0,"minecraft:stick":8,"minecraft:iron_pickaxe":2,"minecraft:iron_ingot":70,"minecraft:gold_ingot":11,"aoa3:limonite_ingot":6,"minecraft:torch":24,"byg:mahogany_crafting_table":1},"minecraft:picked_up":{"byg:mahogany_log":8,"aoa3:worn_book":1,"minecraft:enchanted_book":2,"aoa3:limonite_ore":6,"byg:rainbow_eucalyptus_sapling":2,"minecraft:string":2,"born_in_chaos_v1:tridenthayfork":2,"aoa3:cooked_charger_shank":1,"minecraft:iron_leggings":1,"aoa3:jade":29,"minecraft:item_frame":1,"minecraft:experience_bottle":2,"byg:palm_sapling":1,"byg:pink_sand":1,"aoa3:raw_charger_shank":1,"minecraft:beef":1,"minecraft:iron_nugget":1,"minecraft:sugar_cane":4,"minecraft:coal_block":6,"minecraft:furnace":5,"minecraft:stick":20,"born_in_chaos_v1:shattered_skull":2,"minecraft:torch":8,"artifacts:vampiric_glove":1,"minecraft:diorite":1,"born_in_chaos_v1:pieceofdarkmetal":5,"aoa3:carved_rune_of_travel":2,"alexsmobs:centipede_leg":2,"minecraft:tnt":1,"byg:purple_sand":1,"minecraft:arrow":2,"minecraft:rotten_flesh":5,"born_in_chaos_v1:diamond_thermite_shard":3,"aoa3:amethyst":5,"minecraft:cow_spawn_egg":1,"byg:mahogany_sapling":6,"minecraft:hay_block":37,"alexsmobs:emu_egg":7,"minecraft:gold_ingot":4,"byg:palm_log":12,"minecraft:cobblestone":103,"minecraft:feather":1,"minecraft:andesite":1,"minecraft:leather":2,"aoa3:runium_ore":29,"minecraft:yellow_bed":1,"aoa3:void_walker_spawn_egg":1,"minecraft:dirt":96,"minecraft:lantern":1,"byg:scoria_cobblestone":1,"minecraft:bone":1,"byg:rainbow_eucalyptus_log":6,"minecraft:acacia_planks":1,"minecraft:apple":18,"minecraft:kelp":2,"minecraft:wheat_seeds":4,"minecraft:iron_ingot":3,"minecraft:iron_ore":70,"minecraft:iron_sword":2,"minecraft:book":4,"tconstruct:copper_ore":7,"born_in_chaos_v1:ethereal_spirit":1,"minecraft:gravel":1,"minecraft:gold_ore":12,"aoa3:ancient_rock":2,"minecraft:diamond":8,"waystones:waystone":1,"minecraft:writable_book":3,"byg:rainbow_eucalyptus_crafting_table":4,"minecraft:emerald":1,"byg:mahogany_crafting_table":1,"minecraft:bread":2,"minecraft:coal":114},"minecraft:custom":{"minecraft:mob_kills":22,"minecraft:animals_bred":2,"minecraft:interact_with_crafting_table":13,"minecraft:damage_dealt_resisted":1676,"minecraft:leave_game":2,"minecraft:time_since_death":11886,"minecraft:sprint_one_cm":140252,"minecraft:walk_one_cm":194639,"minecraft:drop":38,"minecraft:talked_to_villager":2,"minecraft:deaths":4,"minecraft:sneak_time":4576,"minecraft:walk_under_water_one_cm":15278,"minecraft:jump":1529,"minecraft:walk_on_water_one_cm":20743,"minecraft:interact_with_furnace":58,"minecraft:interact_with_cartography_table":1,"minecraft:play_one_minute":85016,"minecraft:interact_with_grindstone":1,"minecraft:sleep_in_bed":1,"minecraft:time_since_rest":11916,"minecraft:waystone_activated":1,"minecraft:damage_taken":1894,"minecraft:damage_dealt":5601,"minecraft:swim_one_cm":65886,"minecraft:fly_one_cm":236802,"minecraft:player_kills":1,"minecraft:open_chest":27,"minecraft:crouch_one_cm":13580,"minecraft:fall_one_cm":34605},"minecraft:mined":{"minecraft:diamond_ore":8,"born_in_chaos_v1:infected_diamond_ore":3,"born_in_chaos_v1:dark_metal_deposit":1,"minecraft:grass_block":3,"minecraft:coal_block":6,"byg:mahogany_log":10,"minecraft:hay_block":37,"minecraft:furnace":5,"aoa3:ancient_rock":2,"minecraft:iron_ore":70,"aoa3:amethyst_ore":5,"minecraft:andesite":2,"treechop:chopped_log":14,"aoa3:runium_ore":29,"byg:pink_sand":1,"byg:mahogany_sapling":1,"byg:mahogany_leaves":99,"minecraft:stone":91,"byg:purple_sand":2,"tconstruct:copper_ore":7,"minecraft:acacia_leaves":1,"byg:rainbow_eucalyptus_log":1,"minecraft:kelp_plant":1,"minecraft:torch":4,"minecraft:tall_grass":3,"minecraft:cobblestone":7,"minecraft:sugar_cane":1,"minecraft:diorite":1,"minecraft:wall_torch":4,"aoa3:limonite_ore":6,"byg:scoria_stone":2,"byg:palm_log":12,"byg:rainbow_eucalyptus_crafting_table":4,"minecraft:yellow_bed":1,"byg:mahogany_crafting_table":1,"minecraft:grass":10,"aoa3:carved_rune_of_travel":1,"minecraft:coal_ore":25,"byg:palm_leaves":21,"aoa3:jade_ore":29,"minecraft:dirt":19,"minecraft:cobweb":2,"minecraft:acacia_planks":1,"minecraft:gold_ore":13}},"DataVersion":2586}