{"stats":{"minecraft:dropped":{"minecraft:enchanted_book":2,"minecraft:bread":8,"minecraft:iron_sword":1,"byg:palm_sapling":1,"minecraft:wheat_seeds":4,"minecraft:feather":1,"minecraft:cobblestone":1,"born_in_chaos_v1:pieceofdarkmetal":5,"minecraft:coal":25,"tconstruct:materials_and_you":1,"aoa3:worn_book":2,"tconstruct:copper_ore":7,"minecraft:writable_book":2,"byg:mahogany_sapling":5,"minecraft:bone":1,"minecraft:kelp":2,"minecraft:iron_nugget":1,"alexsmobs:animal_dictionary":1,"minecraft:rotten_flesh":4,"minecraft:wooden_pickaxe":1},"minecraft:killed":{"born_in_chaos_v1:scarlet_persecutor":1,"minecraft:skeleton":2,"aoa3:ghost":1,"alexsmobs:centipede_head":1,"artifacts:mimic":1,"alexsmobs:seal":1,"aoa3:void_charger":1,"aoa3:void_walker":2,"aoa3:bomb_carrier":1,"born_in_chaos_v1:decrepit_skeleton":2,"born_in_chaos_v1:zombieswith_door":1,"born_in_chaos_v1:diamond_thermite":5,"minecraft:enderman":1,"minecraft:cow":1},"minecraft:used":{"alexsmobs:emu_egg":5,"minecraft:writable_book":4,"aoa3:void_walker_spawn_egg":1,"aoa3:cooked_charger_shank":1,"minecraft:chest":2,"minecraft:iron_sword":85,"minecraft:torch":21,"minecraft:dirt":90,"byg:rainbow_eucalyptus_crafting_table":4,"byg:purple_sand":1,"aoa3:carved_rune_of_travel":2,"minecraft:lantern":1,"minecraft:item_frame":1,"byg:rainbow_eucalyptus_planks":3,"minecraft:furnace":5,"byg:pink_sand":1,"minecraft:acacia_planks":1,"minecraft:diorite":1,"minecraft:cow_spawn_egg":1,"minecraft:stone_pickaxe":99,"minecraft:wooden_pickaxe":8,"minecraft:sugar_cane":4,"byg:mahogany_crafting_table":2,"byg:mahogany_sapling":1,"aoa3:ancient_rock":2,"byg:mahogany_planks":1,"waystones:waystone":1,"minecraft:bread":17,"minecraft:iron_pickaxe":206,"minecraft:gravel":1,"minecraft:stone_axe":26,"minecraft:cobblestone":64,"born_in_chaos_v1:tridenthayfork":52,"minecraft:andesite":1,"minecraft:yellow_bed":1,"minecraft:experience_bottle":2,"byg:rainbow_eucalyptus_sapling":1},"minecraft:killed_by":{"minecraft:drowned":1},"minecraft:crafted":{"minecraft:coal":54,"minecraft:furnace":2,"minecraft:stone_pickaxe":1,"minecraft:chest":2,"byg:mahogany_planks":32,"byg:rainbow_eucalyptus_crafting_table":1,"minecraft:wheat":189,"byg:rainbow_eucalyptus_planks":24,"minecraft:wooden_pickaxe":1,"minecraft:stone_axe":1,"minecraft:bread":60,"minecraft:air":0,"minecraft:stick":8,"minecraft:iron_pickaxe":2,"minecraft:iron_ingot":57,"minecraft:gold_ingot":11,"minecraft:torch":24,"byg:mahogany_crafting_table":1},"minecraft:picked_up":{"byg:mahogany_log":8,"aoa3:worn_book":1,"minecraft:enchanted_book":2,"aoa3:limonite_ore":6,"byg:rainbow_eucalyptus_sapling":2,"born_in_chaos_v1:tridenthayfork":1,"aoa3:cooked_charger_shank":1,"minecraft:iron_leggings":1,"aoa3:jade":29,"minecraft:item_frame":1,"minecraft:experience_bottle":2,"byg:palm_sapling":1,"byg:pink_sand":1,"aoa3:raw_charger_shank":1,"minecraft:beef":1,"minecraft:iron_nugget":1,"minecraft:sugar_cane":4,"minecraft:coal_block":6,"minecraft:furnace":5,"minecraft:stick":20,"born_in_chaos_v1:shattered_skull":2,"minecraft:torch":2,"artifacts:vampiric_glove":1,"minecraft:diorite":1,"born_in_chaos_v1:pieceofdarkmetal":5,"aoa3:carved_rune_of_travel":2,"alexsmobs:centipede_leg":2,"minecraft:tnt":1,"byg:purple_sand":1,"minecraft:arrow":2,"minecraft:rotten_flesh":5,"born_in_chaos_v1:diamond_thermite_shard":3,"aoa3:amethyst":5,"minecraft:cow_spawn_egg":1,"byg:mahogany_sapling":6,"minecraft:hay_block":37,"alexsmobs:emu_egg":5,"minecraft:gold_ingot":4,"byg:palm_log":12,"minecraft:cobblestone":90,"minecraft:feather":1,"minecraft:andesite":1,"minecraft:leather":2,"aoa3:runium_ore":29,"minecraft:yellow_bed":1,"aoa3:void_walker_spawn_egg":1,"minecraft:dirt":90,"minecraft:lantern":1,"minecraft:bone":1,"byg:rainbow_eucalyptus_log":6,"minecraft:acacia_planks":1,"minecraft:apple":18,"minecraft:kelp":2,"minecraft:wheat_seeds":4,"minecraft:iron_ingot":3,"minecraft:iron_ore":70,"minecraft:iron_sword":2,"minecraft:book":4,"tconstruct:copper_ore":7,"born_in_chaos_v1:ethereal_spirit":1,"minecraft:gravel":1,"minecraft:gold_ore":12,"aoa3:ancient_rock":2,"minecraft:diamond":8,"waystones:waystone":1,"minecraft:writable_book":3,"byg:rainbow_eucalyptus_crafting_table":4,"byg:mahogany_crafting_table":1,"minecraft:bread":2,"minecraft:coal":114},"minecraft:custom":{"minecraft:mob_kills":21,"minecraft:animals_bred":2,"minecraft:interact_with_crafting_table":11,"minecraft:damage_dealt_resisted":1676,"minecraft:leave_game":2,"minecraft:time_since_death":19658,"minecraft:sprint_one_cm":125592,"minecraft:walk_one_cm":177469,"minecraft:drop":38,"minecraft:talked_to_villager":1,"minecraft:deaths":3,"minecraft:sneak_time":4568,"minecraft:walk_under_water_one_cm":15278,"minecraft:jump":1304,"minecraft:walk_on_water_one_cm":20743,"minecraft:interact_with_furnace":36,"minecraft:interact_with_cartography_table":1,"minecraft:play_one_minute":73016,"minecraft:interact_with_grindstone":1,"minecraft:sleep_in_bed":1,"minecraft:time_since_rest":19694,"minecraft:waystone_activated":1,"minecraft:damage_taken":1654,"minecraft:damage_dealt":5201,"minecraft:swim_one_cm":65886,"minecraft:fly_one_cm":207074,"minecraft:player_kills":1,"minecraft:open_chest":17,"minecraft:crouch_one_cm":13580,"minecraft:fall_one_cm":28061},"minecraft:mined":{"minecraft:diamond_ore":8,"born_in_chaos_v1:infected_diamond_ore":3,"born_in_chaos_v1:dark_metal_deposit":1,"minecraft:grass_block":1,"minecraft:coal_block":6,"byg:mahogany_log":10,"minecraft:hay_block":37,"minecraft:furnace":5,"aoa3:ancient_rock":2,"minecraft:iron_ore":70,"aoa3:amethyst_ore":5,"minecraft:andesite":2,"treechop:chopped_log":14,"aoa3:runium_ore":29,"byg:pink_sand":1,"byg:mahogany_sapling":1,"byg:mahogany_leaves":99,"minecraft:stone":78,"byg:purple_sand":2,"tconstruct:copper_ore":7,"minecraft:acacia_leaves":1,"byg:rainbow_eucalyptus_log":1,"minecraft:kelp_plant":1,"minecraft:torch":1,"minecraft:tall_grass":3,"minecraft:cobblestone":7,"minecraft:sugar_cane":1,"minecraft:diorite":1,"minecraft:wall_torch":1,"aoa3:limonite_ore":6,"byg:scoria_stone":1,"byg:palm_log":12,"byg:rainbow_eucalyptus_crafting_table":4,"minecraft:yellow_bed":1,"byg:mahogany_crafting_table":1,"minecraft:grass":8,"aoa3:carved_rune_of_travel":1,"minecraft:coal_ore":25,"byg:palm_leaves":21,"aoa3:jade_ore":29,"minecraft:dirt":15,"minecraft:acacia_planks":1,"minecraft:gold_ore":13}},"DataVersion":2586}