{"stats":{"minecraft:dropped":{"minecraft:enchanted_book":2,"minecraft:bread":8,"minecraft:iron_sword":1,"byg:palm_sapling":1,"minecraft:wheat_seeds":4,"minecraft:feather":1,"minecraft:cobblestone":1,"born_in_chaos_v1:pieceofdarkmetal":5,"minecraft:coal":25,"tconstruct:materials_and_you":1,"aoa3:worn_book":2,"tconstruct:copper_ore":7,"minecraft:writable_book":2,"byg:mahogany_sapling":5,"minecraft:bone":1,"minecraft:kelp":2,"minecraft:iron_nugget":1,"alexsmobs:animal_dictionary":1,"minecraft:rotten_flesh":6,"minecraft:wooden_pickaxe":1},"minecraft:killed":{"born_in_chaos_v1:scarlet_persecutor":1,"minecraft:skeleton":2,"aoa3:ghost":2,"alexsmobs:centipede_head":1,"artifacts:mimic":1,"aoa3:night_reaper":1,"alexsmobs:seal":1,"aoa3:void_charger":1,"aoa3:void_walker":2,"aoa3:bomb_carrier":1,"minecraft:creeper":1,"born_in_chaos_v1:decrepit_skeleton":3,"born_in_chaos_v1:zombieswith_door":2,"minecraft:zombie":2,"aoa3:boneback":1,"born_in_chaos_v1:dread_hound":1,"born_in_chaos_v1:diamond_thermite":5,"born_in_chaos_v1:baby_skkl":1,"minecraft:enderman":1,"minecraft:cow":1},"minecraft:used":{"alexsmobs:emu_egg":8,"minecraft:writable_book":4,"minecraft:iron_shovel":235,"aoa3:void_walker_spawn_egg":1,"aoa3:cooked_charger_shank":1,"supertools:hammerstone":70,"minecraft:chest":2,"minecraft:iron_sword":137,"minecraft:zombie_spawn_egg":1,"minecraft:torch":74,"minecraft:dirt":103,"minecraft:granite":25,"byg:rainbow_eucalyptus_crafting_table":6,"byg:purple_sand":1,"aoa3:carved_rune_of_travel":2,"minecraft:lantern":1,"minecraft:item_frame":1,"byg:rainbow_eucalyptus_planks":3,"minecraft:furnace":18,"byg:pink_sand":1,"minecraft:egg":1,"minecraft:acacia_planks":1,"minecraft:water_bucket":30,"minecraft:diorite":3,"minecraft:cow_spawn_egg":1,"minecraft:stone_pickaxe":105,"minecraft:wooden_pickaxe":8,"minecraft:sandstone":14,"minecraft:sugar_cane":4,"byg:mahogany_crafting_table":4,"minecraft:sand":267,"byg:mahogany_sapling":1,"minecraft:rail":2,"aoa3:ancient_rock":2,"byg:mahogany_planks":1,"waystones:waystone":1,"minecraft:diamond_pickaxe":74,"minecraft:bread":31,"minecraft:iron_pickaxe":378,"minecraft:gravel":12,"minecraft:stone_axe":29,"minecraft:cobblestone":122,"byg:scoria_cobblestone":4,"born_in_chaos_v1:tridenthayfork":68,"minecraft:bucket":30,"minecraft:andesite":22,"minecraft:yellow_bed":1,"minecraft:experience_bottle":2,"byg:rainbow_eucalyptus_sapling":1},"minecraft:broken":{"minecraft:iron_pickaxe":1},"minecraft:killed_by":{"minecraft:drowned":1},"minecraft:crafted":{"minecraft:coal":54,"supertools:hammerstone":1,"minecraft:furnace":4,"aoa3:runium_chunk":29,"aoa3:rosite_ingot":8,"minecraft:flint_and_steel":1,"minecraft:stone_pickaxe":9,"minecraft:chest":2,"byg:mahogany_planks":32,"byg:rainbow_eucalyptus_crafting_table":1,"minecraft:wheat":333,"byg:rainbow_eucalyptus_planks":24,"minecraft:wooden_pickaxe":1,"minecraft:bucket":1,"minecraft:stone_axe":1,"minecraft:bread":108,"minecraft:air":0,"minecraft:diamond_pickaxe":1,"minecraft:stick":24,"minecraft:iron_pickaxe":2,"minecraft:iron_ingot":112,"minecraft:iron_shovel":1,"minecraft:gold_ingot":16,"aoa3:limonite_ingot":27,"minecraft:torch":48,"byg:mahogany_crafting_table":2},"minecraft:picked_up":{"byg:mahogany_log":8,"aoa3:worn_book":1,"minecraft:enchanted_book":2,"aoa3:limonite_ore":52,"byg:rainbow_eucalyptus_sapling":2,"born_in_chaos_v1:black_argillite":3,"minecraft:string":2,"born_in_chaos_v1:tridenthayfork":3,"aoa3:cooked_charger_shank":1,"minecraft:iron_leggings":1,"aoa3:jade":36,"minecraft:item_frame":1,"minecraft:experience_bottle":2,"byg:palm_sapling":1,"byg:pink_sand":1,"aoa3:raw_charger_shank":1,"minecraft:beef":1,"minecraft:iron_nugget":3,"minecraft:sugar_cane":4,"minecraft:coal_block":6,"minecraft:egg":1,"minecraft:furnace":15,"minecraft:stick":20,"minecraft:sandstone":79,"born_in_chaos_v1:shattered_skull":2,"minecraft:torch":41,"artifacts:vampiric_glove":1,"minecraft:diorite":71,"born_in_chaos_v1:pieceofdarkmetal":5,"aoa3:carved_rune_of_travel":2,"alexsmobs:centipede_leg":2,"minecraft:zombie_spawn_egg":1,"minecraft:tnt":1,"byg:purple_sand":1,"minecraft:arrow":2,"minecraft:rotten_flesh":13,"born_in_chaos_v1:diamond_thermite_shard":3,"aoa3:amethyst":9,"minecraft:cow_spawn_egg":1,"byg:mahogany_sapling":6,"minecraft:hay_block":37,"alexsmobs:emu_egg":8,"minecraft:gold_ingot":4,"byg:palm_log":12,"byg:rocky_stone":2,"minecraft:obsidian":10,"minecraft:rail":2,"minecraft:cobblestone":454,"minecraft:feather":1,"minecraft:andesite":43,"minecraft:leather":2,"minecraft:flint":1,"aoa3:runium_ore":29,"minecraft:yellow_bed":1,"aoa3:void_walker_spawn_egg":1,"minecraft:dirt":103,"minecraft:lantern":1,"byg:scoria_cobblestone":4,"minecraft:bone":3,"byg:rainbow_eucalyptus_log":6,"minecraft:acacia_planks":1,"minecraft:apple":18,"minecraft:kelp":2,"minecraft:wheat_seeds":5,"minecraft:stone_pickaxe":1,"minecraft:iron_ingot":4,"minecraft:iron_ore":123,"tconstruct:copper_ingot":2,"minecraft:iron_sword":2,"minecraft:book":4,"tconstruct:copper_ore":9,"aoa3:sapphire":3,"born_in_chaos_v1:ethereal_spirit":1,"minecraft:gravel":15,"minecraft:sand":278,"aoa3:limonite_ingot":4,"minecraft:gold_ore":17,"aoa3:ancient_rock":2,"minecraft:diamond":8,"waystones:waystone":1,"minecraft:writable_book":3,"minecraft:granite":43,"byg:rainbow_eucalyptus_crafting_table":5,"minecraft:emerald":1,"byg:mahogany_crafting_table":3,"minecraft:bread":2,"aoa3:rosite_ore":8,"minecraft:coal":218},"minecraft:custom":{"minecraft:mob_kills":31,"minecraft:animals_bred":2,"minecraft:interact_with_crafting_table":20,"minecraft:open_barrel":2,"minecraft:damage_dealt_resisted":1919,"minecraft:leave_game":3,"minecraft:time_since_death":82427,"minecraft:climb_one_cm":566,"minecraft:sprint_one_cm":242113,"minecraft:walk_one_cm":318240,"minecraft:drop":40,"minecraft:talked_to_villager":2,"minecraft:deaths":4,"minecraft:sneak_time":9120,"minecraft:walk_under_water_one_cm":35516,"minecraft:jump":2590,"minecraft:walk_on_water_one_cm":40674,"minecraft:interact_with_furnace":102,"minecraft:interact_with_cartography_table":1,"minecraft:play_one_minute":155557,"minecraft:interact_with_grindstone":1,"minecraft:sleep_in_bed":1,"minecraft:time_since_rest":82457,"minecraft:waystone_activated":2,"minecraft:damage_taken":2591,"minecraft:damage_dealt":7533,"minecraft:swim_one_cm":73290,"minecraft:fly_one_cm":394422,"minecraft:player_kills":1,"minecraft:open_chest":46,"minecraft:crouch_one_cm":22525,"minecraft:fall_one_cm":62007},"minecraft:mined":{"minecraft:diamond_ore":8,"born_in_chaos_v1:infected_diamond_ore":3,"minecraft:obsidian":11,"minecraft:granite":43,"born_in_chaos_v1:dark_metal_deposit":1,"minecraft:grass_block":4,"born_in_chaos_v1:black_argillite":3,"minecraft:coal_block":6,"aoa3:sapphire_ore":3,"minecraft:sandstone":83,"byg:mahogany_log":10,"minecraft:hay_block":37,"minecraft:furnace":15,"aoa3:ancient_rock":2,"minecraft:iron_ore":121,"aoa3:amethyst_ore":9,"minecraft:andesite":44,"treechop:chopped_log":14,"aoa3:runium_ore":29,"minecraft:rail":1,"byg:pink_sand":1,"byg:mahogany_sapling":1,"byg:mahogany_leaves":99,"minecraft:stone":437,"byg:purple_sand":2,"tconstruct:copper_ore":9,"minecraft:acacia_leaves":1,"byg:rainbow_eucalyptus_log":1,"minecraft:kelp_plant":1,"minecraft:torch":21,"minecraft:tall_grass":7,"minecraft:cobblestone":9,"minecraft:sugar_cane":1,"minecraft:diorite":64,"minecraft:wall_torch":16,"aoa3:limonite_ore":39,"byg:scoria_stone":5,"byg:palm_log":12,"byg:rainbow_eucalyptus_crafting_table":5,"minecraft:yellow_bed":1,"byg:mahogany_crafting_table":3,"minecraft:grass":11,"aoa3:carved_rune_of_travel":1,"minecraft:coal_ore":57,"minecraft:sand":239,"minecraft:gravel":15,"aoa3:rosite_ore":8,"byg:palm_leaves":21,"aoa3:jade_ore":34,"minecraft:dirt":25,"minecraft:cobweb":2,"minecraft:acacia_planks":1,"minecraft:gold_ore":18}},"DataVersion":2586}