{"stats":{"minecraft:killed":{"minecraft:skeleton":2,"aoa3:ghost":1,"alexsmobs:centipede_head":1,"artifacts:mimic":1,"alexsmobs:seal":1,"aoa3:void_charger":1,"aoa3:void_walker":2,"aoa3:bomb_carrier":1,"born_in_chaos_v1:decrepit_skeleton":1,"born_in_chaos_v1:zombieswith_door":1,"born_in_chaos_v1:diamond_thermite":5,"minecraft:enderman":1,"minecraft:cow":1},"minecraft:picked_up":{"byg:mahogany_log":8,"aoa3:worn_book":1,"minecraft:enchanted_book":2,"byg:rainbow_eucalyptus_sapling":2,"aoa3:cooked_charger_shank":1,"born_in_chaos_v1:tridenthayfork":1,"minecraft:iron_leggings":1,"aoa3:jade":2,"minecraft:item_frame":1,"minecraft:experience_bottle":2,"byg:palm_sapling":1,"byg:pink_sand":1,"minecraft:beef":1,"aoa3:raw_charger_shank":1,"minecraft:iron_nugget":1,"minecraft:sugar_cane":4,"minecraft:coal_block":6,"minecraft:furnace":4,"minecraft:stick":20,"born_in_chaos_v1:shattered_skull":1,"minecraft:torch":1,"artifacts:vampiric_glove":1,"born_in_chaos_v1:pieceofdarkmetal":2,"aoa3:carved_rune_of_travel":1,"alexsmobs:centipede_leg":2,"minecraft:tnt":1,"byg:purple_sand":1,"minecraft:arrow":2,"minecraft:rotten_flesh":3,"born_in_chaos_v1:diamond_thermite_shard":3,"aoa3:amethyst":2,"minecraft:cow_spawn_egg":1,"byg:mahogany_sapling":6,"minecraft:hay_block":21,"alexsmobs:emu_egg":3,"minecraft:gold_ingot":3,"byg:palm_log":12,"minecraft:cobblestone":48,"minecraft:feather":1,"minecraft:andesite":1,"minecraft:leather":2,"minecraft:yellow_bed":1,"aoa3:void_walker_spawn_egg":1,"minecraft:dirt":15,"byg:rainbow_eucalyptus_log":6,"minecraft:kelp":2,"minecraft:wheat_seeds":2,"minecraft:iron_ingot":3,"minecraft:iron_ore":57,"minecraft:iron_sword":1,"minecraft:book":4,"tconstruct:copper_ore":7,"minecraft:gravel":1,"minecraft:gold_ore":8,"aoa3:ancient_rock":2,"minecraft:diamond":1,"waystones:waystone":1,"minecraft:writable_book":1,"byg:rainbow_eucalyptus_crafting_table":3,"byg:mahogany_crafting_table":1,"minecraft:bread":2,"minecraft:coal":90},"minecraft:killed_by":{"minecraft:drowned":1},"minecraft:used":{"alexsmobs:emu_egg":3,"aoa3:void_walker_spawn_egg":1,"aoa3:cooked_charger_shank":1,"minecraft:chest":2,"minecraft:iron_sword":85,"minecraft:torch":15,"minecraft:dirt":15,"byg:purple_sand":1,"byg:rainbow_eucalyptus_crafting_table":4,"minecraft:item_frame":1,"byg:rainbow_eucalyptus_planks":3,"minecraft:furnace":4,"byg:pink_sand":1,"minecraft:cow_spawn_egg":1,"minecraft:stone_pickaxe":99,"minecraft:wooden_pickaxe":8,"minecraft:sugar_cane":4,"byg:mahogany_crafting_table":2,"byg:mahogany_sapling":1,"aoa3:ancient_rock":2,"waystones:waystone":1,"minecraft:bread":14,"minecraft:iron_pickaxe":45,"minecraft:gravel":1,"minecraft:stone_axe":24,"minecraft:cobblestone":25,"born_in_chaos_v1:tridenthayfork":36,"minecraft:andesite":1,"minecraft:yellow_bed":1,"minecraft:experience_bottle":2,"byg:rainbow_eucalyptus_sapling":1},"minecraft:custom":{"minecraft:mob_kills":19,"minecraft:animals_bred":2,"minecraft:interact_with_crafting_table":11,"minecraft:damage_dealt_resisted":1676,"minecraft:leave_game":2,"minecraft:time_since_death":2542,"minecraft:sprint_one_cm":98480,"minecraft:walk_one_cm":134289,"minecraft:drop":22,"minecraft:talked_to_villager":1,"minecraft:deaths":3,"minecraft:sneak_time":3152,"minecraft:walk_under_water_one_cm":15278,"minecraft:jump":1031,"minecraft:walk_on_water_one_cm":20478,"minecraft:interact_with_furnace":33,"minecraft:play_one_minute":55900,"minecraft:interact_with_grindstone":1,"minecraft:sleep_in_bed":1,"minecraft:time_since_rest":2578,"minecraft:waystone_activated":1,"minecraft:damage_taken":1494,"minecraft:damage_dealt":4511,"minecraft:player_kills":1,"minecraft:fly_one_cm":169419,"minecraft:swim_one_cm":65886,"minecraft:open_chest":8,"minecraft:crouch_one_cm":9159,"minecraft:fall_one_cm":21916},"minecraft:mined":{"minecraft:diamond_ore":1,"born_in_chaos_v1:infected_diamond_ore":3,"minecraft:grass_block":1,"minecraft:coal_block":6,"byg:mahogany_log":10,"minecraft:hay_block":21,"minecraft:furnace":4,"aoa3:ancient_rock":2,"minecraft:iron_ore":57,"aoa3:amethyst_ore":2,"minecraft:andesite":1,"treechop:chopped_log":14,"byg:pink_sand":1,"byg:mahogany_sapling":1,"byg:mahogany_leaves":99,"minecraft:stone":37,"byg:purple_sand":2,"tconstruct:copper_ore":7,"minecraft:acacia_leaves":1,"byg:rainbow_eucalyptus_log":1,"minecraft:kelp_plant":1,"minecraft:tall_grass":2,"minecraft:cobblestone":6,"minecraft:sugar_cane":1,"minecraft:wall_torch":1,"byg:scoria_stone":1,"byg:palm_log":12,"byg:rainbow_eucalyptus_crafting_table":3,"minecraft:yellow_bed":1,"byg:mahogany_crafting_table":1,"minecraft:grass":5,"minecraft:coal_ore":1,"aoa3:jade_ore":2,"minecraft:dirt":14,"byg:palm_leaves":21,"minecraft:gold_ore":9},"minecraft:crafted":{"minecraft:coal":54,"minecraft:furnace":2,"minecraft:stone_pickaxe":1,"minecraft:chest":2,"byg:mahogany_planks":32,"byg:rainbow_eucalyptus_crafting_table":1,"minecraft:wheat":189,"byg:rainbow_eucalyptus_planks":24,"minecraft:wooden_pickaxe":1,"minecraft:stone_axe":1,"minecraft:bread":60,"minecraft:air":0,"minecraft:stick":8,"minecraft:iron_ingot":57,"minecraft:iron_pickaxe":2,"minecraft:gold_ingot":8,"minecraft:torch":16,"byg:mahogany_crafting_table":1},"minecraft:dropped":{"minecraft:enchanted_book":2,"minecraft:iron_sword":1,"byg:palm_sapling":1,"minecraft:wheat_seeds":2,"minecraft:feather":1,"minecraft:cobblestone":1,"born_in_chaos_v1:pieceofdarkmetal":2,"minecraft:coal":25,"tconstruct:materials_and_you":1,"aoa3:worn_book":2,"tconstruct:copper_ore":7,"byg:mahogany_sapling":5,"minecraft:kelp":2,"minecraft:iron_nugget":1,"alexsmobs:animal_dictionary":1,"minecraft:rotten_flesh":2,"minecraft:wooden_pickaxe":1}},"DataVersion":2586}