{"stats":{"minecraft:custom":{"minecraft:interact_with_furnace":2,"minecraft:mob_kills":7,"minecraft:interact_with_crafting_table":8,"minecraft:play_one_minute":240255,"minecraft:interact_with_stonecutter":3,"minecraft:leave_game":7,"minecraft:time_since_death":7784,"minecraft:sleep_in_bed":1,"minecraft:time_since_rest":7806,"minecraft:damage_taken":3280,"minecraft:sprint_one_cm":8905,"minecraft:walk_one_cm":389495,"minecraft:drop":74,"minecraft:damage_dealt":2116,"minecraft:swim_one_cm":107,"minecraft:fly_one_cm":8683,"minecraft:open_chest":13,"minecraft:crouch_one_cm":37,"minecraft:sneak_time":72,"minecraft:deaths":11,"minecraft:walk_under_water_one_cm":21471,"minecraft:boat_one_cm":269165,"minecraft:jump":1009,"minecraft:walk_on_water_one_cm":21579,"minecraft:fall_one_cm":6461},"minecraft:killed":{"aoa3:bugeye":1,"minecraft:skeleton":3,"minecraft:zombie":2},"minecraft:crafted":{"byg:rainbow_eucalyptus_planks":256,"minecraft:wooden_pickaxe":2,"aoa3:jade_pickaxe":1,"minecraft:stick":16,"minecraft:stone_pickaxe":2,"minecraft:wooden_axe":2,"minecraft:torch":4,"byg:rainbow_eucalyptus_crafting_table":1},"minecraft:used":{"minecraft:cobblestone_stairs":138,"supertools:hammerstone":94,"minecraft:stone_pickaxe":254,"minecraft:wooden_pickaxe":9,"minecraft:torch":34,"byg:mahogany_sapling":2,"tconstruct:copper_ore":1,"aoa3:amethyst_pickaxe":1166,"minecraft:wooden_axe":80,"minecraft:apple":19,"byg:rainbow_eucalyptus_crafting_table":1,"aoa3:amethyst_sword":8,"byg:rainbow_eucalyptus_planks":1,"minecraft:cobblestone":148,"minecraft:acacia_fence":3,"aoa3:jade_pickaxe":268,"byg:rainbow_eucalyptus_log":1,"byg:rainbow_eucalyptus_sapling":1},"minecraft:dropped":{"minecraft:gravel":2,"minecraft:sugar_cane":3,"minecraft:wheat_seeds":5,"minecraft:soul_torch":1,"minecraft:wheat":2,"minecraft:cobblestone":147,"minecraft:apple":2,"minecraft:granite":22,"byg:palo_verde_log":6,"byg:palo_verde_sapling":5,"aoa3:amethyst_pickaxe":1,"minecraft:stick":22,"byg:rainbow_eucalyptus_log":43,"minecraft:dirt":36,"minecraft:dark_oak_log":1,"born_in_chaos_v1:black_argillite":25,"minecraft:diorite":75,"byg:rainbow_eucalyptus_planks":232,"byg:mahogany_log":26,"byg:rocky_stone":28,"minecraft:andesite":27,"byg:soapstone":36,"minecraft:wooden_axe":1,"tconstruct:copper_ore":5,"byg:rainbow_eucalyptus_sapling":18,"minecraft:wooden_pickaxe":2,"minecraft:paper":5,"minecraft:acacia_fence":2,"byg:scoria_cobblestone":4,"minecraft:bone":2},"minecraft:picked_up":{"minecraft:wooden_axe":2,"byg:mahogany_log":30,"minecraft:wheat":2,"byg:soapstone":52,"supertools:hammerstone":2,"minecraft:andesite":66,"byg:rainbow_eucalyptus_planks":1,"aoa3:limonite_ore":48,"aoa3:runium_ore":31,"byg:palo_verde_sapling":10,"byg:rainbow_eucalyptus_sapling":23,"aoa3:amethyst_sword":1,"minecraft:cobblestone_stairs":616,"born_in_chaos_v1:black_argillite":25,"minecraft:lapis_lazuli":25,"minecraft:dirt":39,"aoa3:jade":33,"minecraft:bone":6,"byg:scoria_cobblestone":30,"byg:rainbow_eucalyptus_log":201,"minecraft:wheat_seeds":12,"usefulbackpacks:backpack_small":1,"minecraft:iron_ore":135,"minecraft:sugar_cane":4,"minecraft:stick":22,"tconstruct:copper_ore":9,"minecraft:acacia_fence":5,"minecraft:torch":31,"minecraft:gravel":2,"minecraft:soul_torch":1,"minecraft:diorite":111,"minecraft:redstone":44,"minecraft:gold_ore":14,"aoa3:amethyst_pickaxe":2,"minecraft:dark_oak_log":1,"minecraft:arrow":3,"byg:purple_sand":1,"minecraft:rotten_flesh":3,"aoa3:amethyst":30,"byg:mahogany_sapling":6,"byg:palo_verde_log":12,"minecraft:granite":48,"aoa3:rosite_ore":25,"minecraft:coal":311,"byg:rocky_stone":48,"minecraft:cobblestone":837},"minecraft:broken":{"minecraft:stone_pickaxe":2,"aoa3:amethyst_pickaxe":1,"minecraft:wooden_axe":1,"supertools:hammerstone":2},"minecraft:killed_by":{"alexsmobs:crocodile":1,"tconstruct:earth_slime":2,"born_in_chaos_v1:diamond_thermite":2,"tconstruct:sky_slime":1},"minecraft:mined":{"byg:rainbow_eucalyptus_planks":1,"byg:rainbow_eucalyptus_log":159,"minecraft:cobblestone_stairs":6,"minecraft:soul_torch":1,"minecraft:dark_oak_log":1,"born_in_chaos_v1:infected_diamond_ore":1,"minecraft:torch":2,"minecraft:granite":38,"minecraft:grass_block":2,"born_in_chaos_v1:black_argillite":27,"minecraft:cobblestone":12,"minecraft:lapis_ore":4,"minecraft:sugar_cane":1,"minecraft:diorite":134,"minecraft:wall_torch":26,"aoa3:limonite_ore":49,"byg:mahogany_log":11,"byg:soapstone":43,"minecraft:redstone_ore":10,"byg:scoria_stone":34,"byg:flowering_palo_verde_leaves":13,"minecraft:iron_ore":137,"aoa3:amethyst_ore":30,"byg:palo_verde_leaves":60,"byg:short_grass":1,"minecraft:andesite":89,"aoa3:runium_ore":31,"treechop:chopped_log":59,"minecraft:grass":3,"minecraft:coal_ore":300,"byg:palo_verde_log":6,"aoa3:jade_ore":28,"minecraft:acacia_fence":5,"minecraft:gravel":4,"aoa3:rosite_ore":27,"minecraft:dirt":17,"byg:rocky_stone":50,"byg:rainbow_eucalyptus_leaves":459,"byg:mahogany_leaves":147,"minecraft:stone":1065,"minecraft:gold_ore":14,"byg:purple_sand":1,"tconstruct:copper_ore":10}},"DataVersion":2586}