{"stats":{"minecraft:dropped":{"minecraft:gold_ore":5,"minecraft:wheat_seeds":6,"aoa3:scrap_metal":1,"aoa3:ancient_rock":1,"minecraft:cobblestone":275,"minecraft:apple":12,"minecraft:granite":22,"byg:palo_verde_log":6,"aoa3:runium_ore":8,"aoa3:copper_coin":3,"aoa3:amethyst":11,"minecraft:coal":136,"minecraft:stick":22,"minecraft:dirt":38,"minecraft:dark_oak_log":1,"born_in_chaos_v1:black_argillite":25,"minecraft:diorite":75,"byg:rainbow_eucalyptus_planks":232,"byg:mahogany_log":26,"byg:soapstone":73,"minecraft:wooden_axe":1,"tconstruct:copper_ore":5,"byg:rainbow_eucalyptus_sapling":18,"minecraft:paper":5,"byg:scoria_cobblestone":4,"minecraft:bone":2,"minecraft:gravel":2,"minecraft:zombie_spawn_egg":1,"minecraft:sugar_cane":3,"minecraft:soul_torch":1,"minecraft:wheat":2,"byg:palo_verde_sapling":5,"aoa3:amethyst_pickaxe":1,"byg:rainbow_eucalyptus_log":43,"byg:rocky_stone":28,"minecraft:andesite":27,"aoa3:jade":24,"minecraft:iron_ore":12,"minecraft:wooden_pickaxe":2,"aoa3:limonite_ore":9,"minecraft:acacia_fence":2},"minecraft:killed":{"born_in_chaos_v1:restless_spirit":2,"born_in_chaos_v1:scarlet_persecutor":2,"minecraft:skeleton":3,"aoa3:night_reaper":1,"aoa3:void_charger":1,"aoa3:bugeye":1,"minecraft:zombie":5},"minecraft:used":{"supertools:hammerstone":282,"minecraft:rotten_flesh":4,"minecraft:torch":55,"minecraft:dirt":2,"aoa3:amethyst_pickaxe":1452,"minecraft:wooden_axe":80,"byg:rainbow_eucalyptus_crafting_table":1,"aoa3:amethyst_sword":57,"byg:rainbow_eucalyptus_planks":1,"minecraft:acacia_fence":3,"minecraft:cobblestone_stairs":138,"minecraft:stone_pickaxe":254,"minecraft:wooden_pickaxe":9,"byg:mahogany_sapling":2,"tconstruct:copper_ore":1,"minecraft:apple":20,"minecraft:cobblestone":436,"aoa3:jade_pickaxe":649,"byg:rainbow_eucalyptus_log":1,"byg:rainbow_eucalyptus_sapling":1},"minecraft:crafted":{"minecraft:stone_pickaxe":2,"byg:rainbow_eucalyptus_crafting_table":1,"byg:rainbow_eucalyptus_planks":256,"minecraft:wooden_pickaxe":2,"aoa3:jade_pickaxe":1,"minecraft:stick":16,"minecraft:wooden_axe":2,"minecraft:torch":4},"minecraft:killed_by":{"tconstruct:earth_slime":2,"aoa3:ghost":2,"aoa3:trickster_clone":1,"tconstruct:sky_slime":1,"aoa3:mother_void_walker":1,"alexsmobs:crocodile":1,"minecraft:cave_spider":1,"aoa3:void_walker":1,"born_in_chaos_v1:diamond_thermite":2,"born_in_chaos_v1:scarlet_persecutor":2},"minecraft:broken":{"aoa3:amethyst_pickaxe":1,"aoa3:jade_pickaxe":1,"minecraft:stone_pickaxe":2,"minecraft:wooden_axe":1,"supertools:hammerstone":4},"minecraft:picked_up":{"minecraft:wooden_axe":2,"byg:mahogany_log":30,"byg:soapstone":99,"minecraft:wheat":2,"supertools:hammerstone":4,"aoa3:copper_coin":4,"byg:rainbow_eucalyptus_planks":1,"aoa3:limonite_ore":67,"byg:palo_verde_sapling":10,"minecraft:chain":2,"byg:rainbow_eucalyptus_sapling":23,"born_in_chaos_v1:black_argillite":27,"aoa3:jade":63,"usefulbackpacks:backpack_small":1,"aoa3:raw_charger_shank":1,"minecraft:sugar_cane":4,"born_in_chaos_v1:restless_spirit_spawn_egg":1,"minecraft:stick":22,"minecraft:acacia_fence":5,"minecraft:torch":67,"minecraft:diorite":172,"aoa3:amethyst_pickaxe":3,"minecraft:redstone":44,"minecraft:zombie_spawn_egg":1,"minecraft:arrow":3,"minecraft:rotten_flesh":9,"byg:purple_sand":1,"aoa3:amethyst":48,"byg:mahogany_sapling":6,"byg:rocky_stone":119,"minecraft:cobblestone":1819,"minecraft:andesite":90,"aoa3:runium_ore":52,"aoa3:amethyst_sword":1,"minecraft:yellow_bed":1,"minecraft:cobblestone_stairs":616,"minecraft:lapis_lazuli":25,"minecraft:dirt":43,"minecraft:bone":6,"byg:scoria_cobblestone":41,"byg:rainbow_eucalyptus_log":201,"minecraft:wheat_seeds":13,"minecraft:iron_ore":174,"tconstruct:copper_ore":9,"born_in_chaos_v1:ethereal_spirit":3,"minecraft:gravel":2,"aoa3:scrap_metal":1,"minecraft:soul_torch":1,"minecraft:gold_ore":19,"minecraft:dark_oak_log":1,"aoa3:ancient_rock":1,"byg:palo_verde_log":12,"minecraft:granite":48,"minecraft:bread":4,"aoa3:rosite_ore":41,"minecraft:coal":522},"minecraft:custom":{"minecraft:mob_kills":15,"minecraft:interact_with_crafting_table":13,"minecraft:leave_game":9,"minecraft:time_since_death":12351,"minecraft:sprint_one_cm":44322,"minecraft:walk_one_cm":679305,"minecraft:drop":93,"minecraft:deaths":20,"minecraft:sneak_time":148,"minecraft:walk_under_water_one_cm":25505,"minecraft:boat_one_cm":269165,"minecraft:jump":1529,"minecraft:walk_on_water_one_cm":27055,"minecraft:interact_with_furnace":2,"minecraft:play_one_minute":361357,"minecraft:interact_with_stonecutter":3,"minecraft:sleep_in_bed":1,"minecraft:time_since_rest":12864,"minecraft:damage_taken":5653,"minecraft:damage_dealt":4621,"minecraft:swim_one_cm":107,"minecraft:fly_one_cm":19696,"minecraft:open_chest":14,"minecraft:crouch_one_cm":37,"minecraft:fall_one_cm":10607},"minecraft:mined":{"byg:rainbow_eucalyptus_planks":1,"minecraft:cobblestone_stairs":6,"minecraft:dark_oak_log":1,"born_in_chaos_v1:infected_diamond_ore":1,"minecraft:granite":41,"minecraft:grass_block":2,"born_in_chaos_v1:black_argillite":31,"byg:mahogany_log":11,"minecraft:redstone_ore":10,"aoa3:ancient_rock":1,"minecraft:iron_ore":177,"aoa3:amethyst_ore":44,"minecraft:andesite":121,"treechop:chopped_log":59,"aoa3:runium_ore":59,"byg:rainbow_eucalyptus_leaves":459,"byg:rocky_stone":125,"byg:mahogany_leaves":147,"minecraft:stone":2294,"byg:purple_sand":1,"tconstruct:copper_ore":10,"byg:rainbow_eucalyptus_log":159,"minecraft:soul_torch":1,"minecraft:torch":6,"minecraft:cobblestone":36,"minecraft:lapis_ore":4,"minecraft:sugar_cane":1,"minecraft:diorite":203,"minecraft:wall_torch":30,"aoa3:limonite_ore":69,"byg:soapstone":95,"byg:scoria_stone":46,"byg:flowering_palo_verde_leaves":13,"byg:palo_verde_leaves":60,"byg:short_grass":1,"minecraft:yellow_bed":1,"minecraft:grass":6,"minecraft:coal_ore":447,"minecraft:dirt":19,"minecraft:acacia_fence":5,"aoa3:rosite_ore":45,"minecraft:gravel":4,"aoa3:jade_ore":49,"byg:palo_verde_log":6,"minecraft:gold_ore":19}},"DataVersion":2586}