{"stats":{"minecraft:killed_by":{"minecraft:player":4,"tconstruct:earth_slime":2,"aoa3:ghost":2,"aoa3:trickster_clone":1,"minecraft:creeper":1,"minecraft:drowned":3,"tconstruct:sky_slime":1,"aoa3:mother_void_walker":1,"aoa3:sasquatch":1,"alexsmobs:crocodile":1,"minecraft:cave_spider":1,"aoa3:cyclops":1,"aoa3:void_walker":1,"aoa3:goblin":1,"born_in_chaos_v1:diamond_thermite":2,"born_in_chaos_v1:scarlet_persecutor":2},"minecraft:mined":{"byg:rainbow_eucalyptus_planks":1,"minecraft:diamond_ore":39,"minecraft:cobblestone_stairs":6,"minecraft:dark_oak_log":1,"born_in_chaos_v1:infected_diamond_ore":1,"minecraft:granite":148,"minecraft:grass_block":297,"born_in_chaos_v1:black_argillite":31,"farmersdelight:tomatoes":6,"minecraft:spruce_leaves":815,"minecraft:sandstone":87,"byg:mahogany_log":11,"minecraft:hay_block":3,"minecraft:redstone_ore":83,"aoa3:ancient_rock":2,"minecraft:iron_ore":325,"aoa3:amethyst_ore":46,"minecraft:andesite":324,"minecraft:pumpkin":1,"treechop:chopped_log":261,"aoa3:runium_ore":59,"byg:rainbow_eucalyptus_leaves":459,"byg:rocky_stone":252,"byg:mahogany_leaves":147,"minecraft:stone":5030,"byg:purple_sand":1,"tconstruct:copper_ore":18,"byg:rainbow_eucalyptus_log":159,"minecraft:soul_torch":1,"minecraft:torch":6,"minecraft:poppy":1,"minecraft:rose_bush":3,"farmersdelight:cabbages":6,"minecraft:tall_grass":4,"minecraft:cobblestone":45,"minecraft:lapis_ore":10,"minecraft:sugar_cane":1,"minecraft:diorite":472,"minecraft:wall_torch":45,"aoa3:limonite_ore":72,"minecraft:seagrass":2,"byg:soapstone":174,"byg:scoria_stone":94,"byg:palm_log":69,"byg:flowering_palo_verde_leaves":13,"minecraft:wheat":41,"byg:palo_verde_leaves":60,"minecraft:spruce_log":422,"byg:red_spruce_leaves":1771,"byg:short_grass":3,"minecraft:yellow_bed":2,"minecraft:grass_path":1,"minecraft:grass":41,"minecraft:coal_ore":749,"minecraft:sand":680,"byg:palm_leaves":89,"minecraft:sunflower":2,"aoa3:jade_ore":49,"minecraft:acacia_fence":5,"minecraft:gravel":59,"minecraft:dirt":622,"aoa3:rosite_ore":45,"byg:palo_verde_log":6,"minecraft:gold_ore":60},"minecraft:custom":{"minecraft:mob_kills":81,"minecraft:animals_bred":12,"minecraft:interact_with_crafting_table":28,"minecraft:open_barrel":4,"minecraft:bell_ring":8,"minecraft:leave_game":11,"minecraft:time_since_death":28032,"minecraft:climb_one_cm":12060,"minecraft:sprint_one_cm":183673,"minecraft:walk_one_cm":2082175,"minecraft:drop":179,"minecraft:talked_to_villager":1,"minecraft:sneak_time":221,"minecraft:deaths":31,"minecraft:walk_under_water_one_cm":72367,"minecraft:boat_one_cm":269165,"minecraft:jump":3526,"minecraft:walk_on_water_one_cm":89145,"minecraft:interact_with_furnace":10,"minecraft:play_one_minute":784310,"minecraft:interact_with_stonecutter":3,"minecraft:sleep_in_bed":6,"minecraft:time_since_rest":11380,"minecraft:waystone_activated":3,"minecraft:damage_taken":10460,"minecraft:damage_dealt":14564,"minecraft:player_kills":3,"minecraft:swim_one_cm":107,"minecraft:fly_one_cm":41706,"minecraft:open_chest":101,"minecraft:crouch_one_cm":425,"minecraft:interact_with_smoker":1,"minecraft:fall_one_cm":28847},"minecraft:picked_up":{"minecraft:wooden_axe":2,"minecraft:iron_chestplate":1,"byg:mahogany_log":30,"byg:soapstone":221,"minecraft:wheat":39,"supertools:hammerstone":8,"tconstruct:sky_slime_spawn_egg":1,"aoa3:copper_coin":7,"minecraft:flower_pot":10,"byg:rainbow_eucalyptus_planks":1,"aoa3:limonite_ore":70,"byg:palo_verde_sapling":10,"minecraft:chain":4,"byg:rainbow_eucalyptus_sapling":23,"minecraft:shield":1,"born_in_chaos_v1:black_argillite":27,"minecraft:string":5,"aoa3:jade":93,"byg:palm_sapling":1,"minecraft:beetroot":2,"minecraft:bucket":4,"usefulbackpacks:backpack_small":1,"aoa3:jade_axe":1,"farmersdelight:cabbage":5,"aoa3:raw_charger_shank":5,"minecraft:rose_bush":5,"minecraft:iron_pickaxe":1,"alexsmobs:raccoon_tail":1,"minecraft:sugar_cane":17,"minecraft:phantom_membrane":2,"minecraft:furnace":1,"farmersdelight:cabbage_seeds":21,"born_in_chaos_v1:restless_spirit_spawn_egg":1,"minecraft:egg":22,"minecraft:sandstone":104,"minecraft:stick":134,"minecraft:acacia_fence":5,"farmersdelight:rotten_tomato":1,"minecraft:torch":112,"minecraft:spruce_stairs":2,"minecraft:zombified_piglin_spawn_egg":1,"minecraft:porkchop":3,"farmersdelight:tomato_seeds":9,"minecraft:diorite":406,"aoa3:amethyst_pickaxe":4,"minecraft:redstone":460,"minecraft:chicken_spawn_egg":1,"minecraft:zombie_spawn_egg":2,"tconstruct:sky_slime_ball":12,"minecraft:arrow":8,"minecraft:rotten_flesh":25,"byg:purple_sand":1,"supertools:shovelstone":1,"minecraft:beetroot_seeds":9,"aoa3:amethyst":79,"byg:mahogany_sapling":6,"minecraft:hay_block":3,"guardvillagers:guard_spawn_egg":1,"alexsmobs:emu_egg":3,"byg:palm_log":69,"minecraft:mutton":4,"byg:rocky_stone":228,"minecraft:white_wool":3,"minecraft:cobblestone":4052,"minecraft:feather":4,"minecraft:water_bucket":2,"minecraft:andesite":150,"minecraft:leather":2,"minecraft:flint":3,"aoa3:runium_ore":52,"minecraft:yellow_bed":2,"aoa3:cyclops_spawn_egg":1,"aoa3:amethyst_sword":1,"minecraft:gunpowder":2,"minecraft:cobblestone_stairs":616,"minecraft:lapis_lazuli":76,"farmersdelight:tomato":9,"minecraft:dirt":964,"minecraft:bone":15,"byg:scoria_cobblestone":80,"byg:rainbow_eucalyptus_log":201,"minecraft:wheat_seeds":168,"aoa3:limonite_axe":1,"byg:red_spruce_sapling":62,"aoa3:tea_seeds":1,"minecraft:iron_ore":324,"minecraft:iron_sword":1,"tconstruct:copper_ore":17,"minecraft:pumpkin":1,"born_in_chaos_v1:ethereal_spirit":3,"minecraft:sand":658,"minecraft:gravel":39,"aoa3:scrap_metal":1,"minecraft:soul_torch":1,"minecraft:spruce_sapling":34,"minecraft:ink_sac":6,"minecraft:spruce_log":710,"minecraft:gold_ore":68,"minecraft:dark_oak_log":1,"aoa3:ancient_rock":1,"usefulbackpacks:backpack_large":1,"minecraft:diamond":58,"byg:palo_verde_log":12,"minecraft:iron_helmet":1,"minecraft:crossbow":1,"minecraft:granite":117,"minecraft:bread":4,"aoa3:rosite_ore":41,"minecraft:black_wool":1,"minecraft:coal":959},"minecraft:broken":{"aoa3:amethyst_pickaxe":2,"aoa3:jade_pickaxe":1,"minecraft:stone_pickaxe":2,"minecraft:iron_pickaxe":1,"minecraft:wooden_axe":1,"aoa3:jade_axe":1,"supertools:shovelstone":1,"supertools:hammerstone":8,"aoa3:limonite_axe":1},"minecraft:killed":{"aoa3:sea_charger":3,"guardvillagers:guard":2,"alexsmobs:lobster":2,"minecraft:zombified_piglin":1,"born_in_chaos_v1:restless_spirit":2,"alexsmobs:raccoon":1,"aoa3:charger":1,"born_in_chaos_v1:phantom_creeper_form":2,"tconstruct:sky_slime":16,"born_in_chaos_v1:scarlet_persecutor":2,"minecraft:skeleton":8,"aoa3:naturalist":3,"minecraft:chicken":1,"aoa3:sasquatch":1,"minecraft:drowned":2,"aoa3:assassin":2,"minecraft:pig":1,"born_in_chaos_v1:wither_strider":1,"aoa3:night_reaper":1,"minecraft:bat":1,"aoa3:void_charger":1,"aoa3:cyclops":3,"minecraft:creeper":1,"minecraft:squid":3,"alexsmobs:emu":1,"born_in_chaos_v1:decrepit_skeleton":1,"aoa3:bugeye":1,"minecraft:sheep":4,"aoa3:troll_trader":1,"minecraft:zombie":11,"aoa3:nightfly":1},"minecraft:dropped":{"minecraft:gold_ore":44,"minecraft:wheat_seeds":8,"minecraft:lapis_lazuli":28,"aoa3:scrap_metal":1,"minecraft:diamond":49,"aoa3:ancient_rock":1,"minecraft:cobblestone":1010,"minecraft:leather":2,"minecraft:apple":12,"minecraft:granite":72,"byg:palo_verde_log":6,"aoa3:runium_ore":21,"aoa3:copper_coin":5,"minecraft:spruce_stairs":2,"aoa3:amethyst":19,"minecraft:coal":167,"minecraft:stick":22,"minecraft:dirt":248,"minecraft:dark_oak_log":1,"born_in_chaos_v1:black_argillite":25,"minecraft:diorite":186,"byg:rainbow_eucalyptus_planks":232,"byg:mahogany_log":26,"byg:soapstone":124,"minecraft:wooden_axe":1,"minecraft:rose_bush":4,"tconstruct:copper_ore":8,"aoa3:rosite_ore":16,"minecraft:chain":2,"usefulbackpacks:backpack_small":1,"byg:rainbow_eucalyptus_sapling":18,"minecraft:phantom_membrane":2,"tconstruct:sky_slime_ball":12,"minecraft:paper":5,"byg:scoria_cobblestone":16,"minecraft:redstone":285,"minecraft:bone":2,"minecraft:gravel":10,"minecraft:furnace":1,"minecraft:zombie_spawn_egg":1,"minecraft:sugar_cane":3,"minecraft:soul_torch":1,"minecraft:wheat":16,"born_in_chaos_v1:ethereal_spirit":3,"minecraft:rotten_flesh":9,"alexsmobs:emu_egg":2,"byg:palo_verde_sapling":5,"aoa3:amethyst_pickaxe":1,"byg:rainbow_eucalyptus_log":43,"byg:rocky_stone":112,"minecraft:andesite":58,"minecraft:sandstone":36,"aoa3:jade":30,"minecraft:spruce_log":223,"minecraft:iron_ore":138,"aoa3:limonite_ore":22,"minecraft:wooden_pickaxe":2,"aoa3:cyclops_spawn_egg":1,"minecraft:acacia_fence":2},"minecraft:crafted":{"minecraft:stone_shovel":9,"supertools:hammerstone":1,"supertools:shovelstone":1,"minecraft:spruce_wood":48,"minecraft:stone_pickaxe":11,"byg:rainbow_eucalyptus_crafting_table":1,"minecraft:diamond_sword":1,"byg:rainbow_eucalyptus_planks":256,"minecraft:crafting_table":1,"minecraft:spruce_planks":100,"minecraft:wooden_pickaxe":2,"minecraft:stone_axe":1,"aoa3:jade_pickaxe":1,"minecraft:stick":60,"minecraft:wooden_axe":2,"minecraft:torch":4},"minecraft:used":{"supertools:hammerstone":714,"farmersdelight:cabbage_seeds":21,"minecraft:zombie_spawn_egg":1,"aoa3:limonite_axe":162,"minecraft:rotten_flesh":4,"minecraft:torch":115,"minecraft:dirt":22,"aoa3:amethyst_pickaxe":2959,"minecraft:granite":1,"minecraft:wooden_axe":80,"byg:rainbow_eucalyptus_crafting_table":1,"aoa3:amethyst_sword":271,"minecraft:chicken_spawn_egg":1,"byg:rainbow_eucalyptus_planks":1,"minecraft:beetroot_seeds":10,"minecraft:acacia_fence":3,"aoa3:jade_axe":10,"minecraft:egg":13,"farmersdelight:tomato_seeds":9,"minecraft:wheat_seeds":89,"minecraft:water_bucket":80,"minecraft:cobblestone_stairs":138,"minecraft:stone_pickaxe":254,"minecraft:wooden_pickaxe":9,"byg:mahogany_sapling":2,"minecraft:sand":1,"minecraft:crafting_table":1,"tconstruct:copper_ore":1,"minecraft:crossbow":11,"supertools:shovelstone":255,"minecraft:apple":74,"minecraft:string":1,"minecraft:bread":4,"minecraft:iron_pickaxe":147,"tconstruct:sky_slime_spawn_egg":1,"minecraft:stone_axe":42,"minecraft:diamond_sword":7,"minecraft:cobblestone":691,"minecraft:bucket":83,"aoa3:jade_pickaxe":649,"minecraft:yellow_bed":2,"byg:red_spruce_sapling":4,"byg:rainbow_eucalyptus_log":1,"byg:rainbow_eucalyptus_sapling":1}},"DataVersion":2586}