{"stats":{"minecraft:dropped":{"byg:purple_sand":2,"aoa3:amethyst_sword":1,"byg:palo_verde_log":6,"minecraft:cobblestone_stairs":665,"minecraft:dirt":8,"usefulbackpacks:backpack_small":2,"byg:scoria_cobblestone":10,"byg:palm_planks":3,"minecraft:gravel":9,"byg:palo_verde_sapling":5,"aoa3:amethyst_pickaxe":1,"born_in_chaos_v1:chipped_black_argillite_brick":1,"byg:rocky_stone":9,"minecraft:arrow":2,"waystones:black_sharestone":2,"minecraft:wheat_seeds":13,"aoa3:ancient_rock":17,"minecraft:cobblestone":8,"minecraft:granite":28,"minecraft:grass_block":1,"byg:cattail":1,"born_in_chaos_v1:black_argillite":4,"minecraft:diorite":41,"byg:soapstone":46,"minecraft:wooden_axe":2,"waystones:attuned_shard":1,"supertools:hammerstone":3,"minecraft:andesite":65},"minecraft:killed":{"aoa3:sand_golem":2,"aoa3:elkanyne":1,"born_in_chaos_v1:restless_spirit":1,"minecraft:spider":4,"tconstruct:sky_slime":2,"minecraft:skeleton":4,"aoa3:shade":2,"aoa3:sasquatch":2,"aoa3:ghost":1,"artifacts:mimic":1,"aoa3:bomb_carrier":1,"minecraft:creeper":1,"minecraft:sheep":4,"minecraft:pillager":4,"aoa3:boneback":3,"minecraft:zombie":12,"born_in_chaos_v1:dread_hound":1,"born_in_chaos_v1:diamond_thermite":11,"alexsmobs:roadrunner":1,"minecraft:cow":20,"aoa3:charger":1,"aoa3:chimera":4,"minecraft:drowned":1,"aoa3:night_reaper":2,"aoa3:mother_void_walker":1,"born_in_chaos_v1:decrepit_skeleton":4,"aoa3:bugeye":2,"aoa3:shadow":2,"alexsmobs:crocodile":1,"born_in_chaos_v1:dread_hound_n":1,"alexsmobs:gazelle":2,"born_in_chaos_v1:firelight_n":4,"minecraft:enderman":2},"minecraft:used":{"waystones:black_sharestone":2,"minecraft:chest":20,"minecraft:rotten_flesh":12,"minecraft:mutton":9,"byg:palm_boat":1,"minecraft:lava_bucket":18,"byg:rainbow_eucalyptus_crafting_table":1,"byg:purple_sand":5,"aoa3:amethyst_sword":191,"byg:red_oak_sapling":21,"byg:rainbow_eucalyptus_planks":1,"minecraft:brown_carpet":4,"minecraft:furnace":9,"minecraft:oak_sapling":1,"aoa3:jade_axe":423,"minecraft:egg":1,"minecraft:potato":3,"minecraft:diorite":64,"minecraft:wooden_pickaxe":48,"byg:mahogany_crafting_table":1,"supertools:shovelstone":48,"waystones:waystone":4,"minecraft:bread":4,"minecraft:andesite":76,"byg:rainbow_eucalyptus_sapling":2,"minecraft:iron_bars":1,"supertools:hammerstone":423,"aoa3:raw_charger_shank":1,"minecraft:torch":89,"minecraft:anvil":1,"aoa3:amethyst_pickaxe":40,"minecraft:wooden_axe":145,"born_in_chaos_v1:black_argillite_button":1,"minecraft:beef":37,"farmersdelight:iron_knife":2,"minecraft:cobblestone_stairs":56,"aoa3:raw_chimera_chop":9,"byg:rocky_stone":2,"minecraft:stonecutter":2,"minecraft:cobblestone_slab":3,"minecraft:mossy_cobblestone":1,"minecraft:crafting_table":2,"minecraft:white_bed":1,"tconstruct:sky_slime_dirt":1,"minecraft:apple":62,"minecraft:iron_pickaxe":99,"waystones:mossy_waystone":2,"minecraft:stone_axe":119,"minecraft:cobblestone":132,"aoa3:sand_golem_spawn_egg":1,"byg:mahogany_boat":1,"minecraft:bucket":19,"minecraft:splash_potion":1,"alexsmobs:emu_egg":1},"minecraft:broken":{"minecraft:stone_axe":1,"minecraft:wooden_axe":3,"supertools:hammerstone":2,"minecraft:wooden_pickaxe":1},"minecraft:killed_by":{"aoa3:boneback":1,"tconstruct:earth_slime":1,"minecraft:pillager":1,"aoa3:chimera":2,"tconstruct:sky_slime":2,"alexsmobs:crocodile":1,"artifacts:mimic":1,"minecraft:player":1,"minecraft:enderman":1,"born_in_chaos_v1:decaying_zombie":1,"alexsmobs:centipede_head":1,"minecraft:skeleton":2,"born_in_chaos_v1:diamond_thermite":1},"minecraft:crafted":{"minecraft:oak_planks":96,"aoa3:jade_axe":1,"usefulbackpacks:backpack_small":2,"minecraft:cobblestone_stairs":696,"supertools:shovelstone":2,"minecraft:chest":24,"byg:palm_boat":1,"byg:rainbow_eucalyptus_planks":152,"minecraft:emerald":6,"minecraft:crafting_table":2,"minecraft:wooden_pickaxe":1,"byg:palm_planks":12,"naturescompass:naturescompass":1,"minecraft:stick":100,"minecraft:compass":1,"usefulbackpacks:backpack_large":1,"minecraft:iron_ingot":117,"minecraft:iron_pickaxe":1,"minecraft:gold_ingot":9,"aoa3:limonite_ingot":27,"minecraft:shears":1,"minecraft:stone_shovel":18,"aoa3:amethyst_sword":1,"supertools:hammerstone":5,"minecraft:furnace":8,"aoa3:runium_chunk":11,"minecraft:stone_pickaxe":45,"usefulbackpacks:backpack_medium":1,"byg:mahogany_planks":180,"byg:rainbow_eucalyptus_crafting_table":1,"minecraft:bucket":4,"minecraft:stone_axe":1,"aoa3:amethyst_pickaxe":2,"minecraft:air":0,"minecraft:white_wool":3,"minecraft:wooden_axe":4,"minecraft:white_bed":1,"minecraft:acacia_planks":4,"minecraft:torch":112,"byg:mahogany_boat":1,"byg:mahogany_crafting_table":1},"minecraft:picked_up":{"minecraft:wooden_axe":4,"byg:mahogany_log":268,"minecraft:wheat":4,"minecraft:anvil":1,"byg:palo_verde_sapling":5,"byg:rainbow_eucalyptus_sapling":23,"born_in_chaos_v1:black_argillite":4,"minecraft:string":8,"minecraft:beetroot":2,"minecraft:cobblestone_slab":3,"aoa3:sand_golem_spawn_egg":1,"minecraft:furnace":1,"farmersdelight:cabbage_seeds":10,"minecraft:stick":228,"born_in_chaos_v1:shattered_skull":1,"minecraft:acacia_fence":2,"minecraft:acacia_log":1,"minecraft:torch":29,"minecraft:spruce_stairs":1,"minecraft:diorite":169,"byg:cattail":1,"minecraft:brown_carpet":4,"minecraft:rotten_flesh":15,"minecraft:cow_spawn_egg":1,"byg:mahogany_sapling":155,"alexsmobs:emu_egg":1,"aoa3:raw_chimera_chop":9,"minecraft:iron_bars":1,"minecraft:cobblestone":2329,"minecraft:feather":4,"minecraft:andesite":257,"minecraft:brown_wool":1,"minecraft:flint":1,"aoa3:runium_ore":15,"born_in_chaos_v1:black_argillite_button":1,"minecraft:lapis_lazuli":169,"minecraft:dirt":306,"byg:blue_sand":1,"born_in_chaos_v1:monster_skin":1,"minecraft:bone":15,"minecraft:stonecutter":2,"minecraft:wheat_seeds":20,"aoa3:chimera_spawn_egg":1,"aoa3:tea_seeds":1,"waystones:black_sharestone":2,"aoa3:sapphire":1,"alexsmobs:crocodile_egg":2,"minecraft:grass_block":1,"minecraft:dark_oak_log":1,"aoa3:ivory":1,"aoa3:ancient_rock":17,"minecraft:mossy_cobblestone":1,"minecraft:skeleton_spawn_egg":2,"born_in_chaos_v1:fire_dust":3,"aoa3:void_scales":1,"minecraft:diamond":5,"waystones:waystone":4,"minecraft:granite":72,"minecraft:emerald":3,"minecraft:oak_sapling":91,"byg:soapstone":46,"aoa3:copper_coin":28,"minecraft:stripped_warped_hyphae":1,"aoa3:worn_book":1,"byg:rainbow_eucalyptus_planks":232,"minecraft:wooden_pickaxe":2,"aoa3:limonite_ore":27,"minecraft:spider_spawn_egg":1,"artifacts:feral_claws":1,"aoa3:jade":31,"minecraft:vex_spawn_egg":1,"usefulbackpacks:backpack_small":1,"minecraft:beef":37,"aoa3:raw_charger_shank":1,"byg:mahogany_planks":501,"minecraft:poppy":2,"minecraft:light_gray_wool":2,"minecraft:sugar_cane":3,"minecraft:chest":4,"minecraft:egg":3,"tconstruct:sky_slime_dirt":2,"born_in_chaos_v1:pieceofdarkmetal":3,"minecraft:redstone":21,"minecraft:drowned_spawn_egg":1,"alexsmobs:crocodile_scute":2,"tconstruct:sky_slime_ball":1,"minecraft:arrow":5,"byg:purple_sand":6,"born_in_chaos_v1:diamond_thermite_shard":10,"aoa3:amethyst":34,"minecraft:beetroot_seeds":9,"byg:palm_log":3,"minecraft:mutton":9,"byg:rocky_stone":53,"minecraft:white_wool":75,"aoa3:carved_rune_of_reality":1,"minecraft:leather":17,"minecraft:oak_log":1238,"minecraft:cobblestone_stairs":7,"minecraft:paper":5,"byg:rainbow_eucalyptus_log":285,"byg:scoria_cobblestone":56,"minecraft:apple":21,"byg:red_oak_sapling":174,"born_in_chaos_v1:chipped_black_argillite_brick":1,"minecraft:iron_ore":95,"tconstruct:copper_ore":16,"waystones:mossy_waystone":1,"minecraft:gravel":17,"minecraft:soul_torch":1,"minecraft:gold_ore":9,"minecraft:spider_eye":1,"byg:palo_verde_log":6,"minecraft:gray_wool":2,"byg:mahogany_crafting_table":1,"minecraft:coal":286,"minecraft:ender_pearl":1},"minecraft:mined":{"minecraft:cobblestone_stairs":8,"byg:cattail":1,"minecraft:granite":72,"minecraft:acacia_log":1,"minecraft:grass_block":60,"born_in_chaos_v1:dark_metal_deposit":2,"minecraft:stripped_warped_hyphae":1,"aoa3:sapphire_ore":1,"byg:mahogany_log":185,"byg:red_oak_leaves":4572,"aoa3:ancient_rock":19,"minecraft:iron_ore":94,"minecraft:anvil":1,"minecraft:iron_bars":1,"byg:rainbow_eucalyptus_leaves":345,"byg:mahogany_leaves":1259,"tconstruct:sky_slime_dirt":3,"byg:purple_sand":5,"minecraft:torch":11,"minecraft:chest":4,"minecraft:cobblestone":27,"minecraft:wall_torch":14,"aoa3:limonite_ore":27,"byg:soapstone":46,"byg:palm_log":3,"byg:mahogany_crafting_table":1,"minecraft:grass":43,"tconstruct:earth_sky_slime_grass":2,"minecraft:oak_log":1417,"minecraft:dirt":275,"minecraft:stonecutter":2,"minecraft:oak_leaves":2987,"minecraft:diamond_ore":3,"minecraft:mossy_cobblestone":1,"born_in_chaos_v1:infected_diamond_ore":6,"minecraft:tube_coral_wall_fan":1,"born_in_chaos_v1:black_argillite":4,"farmersdelight:wild_cabbages":10,"minecraft:redstone_ore":4,"byg:rainbow_eucalyptus_sapling":2,"aoa3:amethyst_ore":20,"minecraft:andesite":245,"treechop:chopped_log":471,"aoa3:runium_ore":15,"byg:blue_sand":1,"minecraft:cobblestone_slab":3,"byg:rocky_stone":54,"minecraft:stone":2278,"tconstruct:copper_ore":10,"byg:rainbow_eucalyptus_log":58,"minecraft:infested_stone_bricks":1,"minecraft:brown_carpet":4,"minecraft:tall_grass":6,"born_in_chaos_v1:chipped_black_argillite_brick":2,"minecraft:lapis_ore":24,"farmersdelight:wild_tomatoes":2,"byg:red_oak_sapling":1,"minecraft:diorite":160,"minecraft:spruce_stairs":1,"farmersdelight:wild_beetroots":9,"byg:scoria_stone":57,"byg:short_grass":9,"minecraft:coal_ore":227,"minecraft:gravel":6,"aoa3:jade_ore":21,"minecraft:cobweb":4,"minecraft:gold_ore":9},"minecraft:custom":{"minecraft:animals_bred":1,"minecraft:interact_with_crafting_table":66,"minecraft:open_barrel":6,"goblintraders:trade_with_goblin":6,"minecraft:leave_game":17,"minecraft:time_since_death":5211,"minecraft:sprint_one_cm":478037,"minecraft:drop":60,"minecraft:talked_to_villager":3,"minecraft:deaths":18,"minecraft:jump":4728,"minecraft:interact_with_brewingstand":2,"minecraft:walk_on_water_one_cm":37770,"minecraft:interact_with_furnace":42,"minecraft:play_one_minute":313941,"minecraft:sleep_in_bed":1,"minecraft:waystone_activated":6,"minecraft:damage_dealt":20413,"minecraft:crouch_one_cm":10781,"minecraft:inspect_dispenser":2,"minecraft:mob_kills":106,"minecraft:climb_one_cm":2779,"minecraft:walk_one_cm":710633,"minecraft:sneak_time":4042,"minecraft:walk_under_water_one_cm":17478,"minecraft:boat_one_cm":508259,"minecraft:interact_with_stonecutter":2,"minecraft:time_since_rest":5241,"minecraft:damage_taken":7637,"minecraft:swim_one_cm":5131,"minecraft:fly_one_cm":714495,"minecraft:open_chest":119,"minecraft:fall_one_cm":167735}},"DataVersion":2586}