{"stats":{"minecraft:dropped":{"minecraft:iron_sword":1,"byg:purple_sand":2,"aoa3:amethyst_sword":1,"byg:palo_verde_log":6,"minecraft:cobblestone_stairs":665,"minecraft:dirt":8,"usefulbackpacks:backpack_small":2,"minecraft:writable_book":2,"byg:scoria_cobblestone":10,"byg:palm_planks":3,"minecraft:gravel":9,"minecraft:iron_nugget":1,"byg:palo_verde_sapling":5,"aoa3:amethyst_pickaxe":2,"minecraft:poppy":7,"born_in_chaos_v1:chipped_black_argillite_brick":1,"byg:rocky_stone":9,"byg:tiny_lilypads":3,"minecraft:arrow":2,"waystones:black_sharestone":2,"minecraft:wheat_seeds":28,"aoa3:ancient_rock":17,"minecraft:cobblestone":8,"minecraft:apple":8,"minecraft:granite":28,"minecraft:grass_block":1,"byg:cattail":1,"born_in_chaos_v1:black_argillite":4,"minecraft:diorite":61,"minecraft:torch":27,"byg:soapstone":46,"minecraft:wooden_axe":2,"minecraft:lily_pad":20,"waystones:attuned_shard":1,"supertools:hammerstone":4,"minecraft:andesite":81},"minecraft:killed":{"aoa3:sand_golem":3,"aoa3:elkanyne":1,"born_in_chaos_v1:restless_spirit":1,"minecraft:spider":4,"tconstruct:sky_slime":2,"minecraft:skeleton":7,"aoa3:shade":2,"aoa3:sasquatch":3,"aoa3:ghost":1,"artifacts:mimic":1,"aoa3:bomb_carrier":1,"minecraft:creeper":1,"minecraft:sheep":4,"minecraft:pillager":4,"aoa3:boneback":3,"minecraft:zombie":14,"born_in_chaos_v1:dread_hound":1,"born_in_chaos_v1:diamond_thermite":11,"alexsmobs:roadrunner":1,"minecraft:cow":23,"aoa3:charger":2,"aoa3:chimera":4,"minecraft:drowned":1,"alexsmobs:guster":1,"aoa3:night_reaper":2,"aoa3:mother_void_walker":1,"born_in_chaos_v1:decrepit_skeleton":5,"aoa3:bugeye":3,"born_in_chaos_v1:zombieswith_door":1,"aoa3:shadow":2,"alexsmobs:crocodile":1,"born_in_chaos_v1:dread_hound_n":2,"alexsmobs:gazelle":2,"born_in_chaos_v1:firelight_n":6,"minecraft:enderman":2},"minecraft:used":{"minecraft:writable_book":2,"waystones:black_sharestone":2,"minecraft:chest":20,"minecraft:rotten_flesh":12,"minecraft:mutton":9,"byg:palm_boat":1,"minecraft:lava_bucket":26,"byg:rainbow_eucalyptus_crafting_table":1,"byg:purple_sand":5,"aoa3:amethyst_sword":191,"byg:red_oak_sapling":21,"minecraft:stone_brick_stairs":2,"minecraft:stone_bricks":173,"byg:rainbow_eucalyptus_planks":1,"minecraft:brown_carpet":4,"minecraft:furnace":9,"minecraft:oak_sapling":2,"aoa3:jade_axe":484,"minecraft:egg":3,"minecraft:potato":3,"minecraft:diorite":67,"minecraft:wooden_pickaxe":48,"byg:mahogany_crafting_table":1,"supertools:shovelstone":294,"waystones:waystone":5,"minecraft:bread":6,"minecraft:andesite":76,"minecraft:oak_boat":4,"byg:rainbow_eucalyptus_sapling":2,"minecraft:iron_bars":1,"supertools:hammerstone":496,"minecraft:stone_shovel":33,"aoa3:raw_charger_shank":2,"minecraft:torch":91,"minecraft:dirt":100,"minecraft:anvil":1,"aoa3:amethyst_pickaxe":40,"minecraft:stone_brick_slab":1,"minecraft:wooden_axe":145,"born_in_chaos_v1:black_argillite_button":1,"minecraft:beef":37,"farmersdelight:iron_knife":2,"minecraft:cobblestone_stairs":56,"aoa3:raw_chimera_chop":9,"byg:rocky_stone":2,"minecraft:stonecutter":2,"minecraft:cobblestone_slab":3,"minecraft:mossy_cobblestone":1,"minecraft:crafting_table":4,"minecraft:white_bed":1,"tconstruct:sky_slime_dirt":1,"minecraft:oak_log":186,"minecraft:apple":93,"minecraft:iron_pickaxe":106,"waystones:mossy_waystone":2,"minecraft:stone_axe":119,"minecraft:cobblestone":279,"aoa3:sand_golem_spawn_egg":1,"byg:mahogany_boat":1,"minecraft:bucket":27,"minecraft:splash_potion":1,"alexsmobs:emu_egg":1},"minecraft:broken":{"minecraft:stone_axe":1,"minecraft:wooden_axe":3,"supertools:shovelstone":2,"supertools:hammerstone":2,"minecraft:wooden_pickaxe":1},"minecraft:killed_by":{"aoa3:boneback":1,"tconstruct:earth_slime":1,"minecraft:pillager":1,"aoa3:chimera":2,"tconstruct:sky_slime":2,"aoa3:king_charger":1,"alexsmobs:crocodile":1,"artifacts:mimic":1,"minecraft:player":1,"minecraft:enderman":1,"born_in_chaos_v1:decaying_zombie":1,"born_in_chaos_v1:bonescaller":1,"alexsmobs:centipede_head":1,"minecraft:skeleton":2,"born_in_chaos_v1:diamond_thermite":1},"minecraft:crafted":{"minecraft:oak_planks":120,"aoa3:jade_axe":1,"usefulbackpacks:backpack_small":2,"minecraft:stone":513,"minecraft:cobblestone_stairs":696,"supertools:shovelstone":3,"minecraft:stone_brick_slab":6,"minecraft:chest":24,"minecraft:stone_bricks":512,"byg:palm_boat":1,"byg:rainbow_eucalyptus_planks":152,"minecraft:emerald":6,"minecraft:crafting_table":4,"minecraft:wooden_pickaxe":1,"byg:palm_planks":12,"minecraft:stone_brick_stairs":4,"naturescompass:naturescompass":1,"minecraft:stick":100,"minecraft:compass":1,"usefulbackpacks:backpack_large":1,"minecraft:iron_ingot":117,"minecraft:iron_pickaxe":1,"minecraft:gold_ingot":9,"aoa3:limonite_ingot":27,"minecraft:shears":1,"minecraft:stone_shovel":27,"aoa3:amethyst_sword":1,"supertools:hammerstone":6,"minecraft:furnace":8,"aoa3:runium_chunk":11,"minecraft:stone_pickaxe":54,"usefulbackpacks:backpack_medium":2,"byg:mahogany_planks":180,"byg:rainbow_eucalyptus_crafting_table":1,"minecraft:bucket":4,"minecraft:stone_axe":1,"aoa3:amethyst_pickaxe":3,"minecraft:air":0,"minecraft:oak_boat":1,"minecraft:white_wool":3,"minecraft:wooden_axe":4,"minecraft:white_bed":1,"minecraft:acacia_planks":4,"minecraft:torch":116,"byg:mahogany_boat":1,"byg:mahogany_crafting_table":1},"minecraft:picked_up":{"minecraft:wooden_axe":4,"byg:mahogany_log":268,"minecraft:wheat":4,"minecraft:anvil":1,"byg:palo_verde_sapling":5,"byg:rainbow_eucalyptus_sapling":23,"born_in_chaos_v1:black_argillite":4,"minecraft:string":8,"born_in_chaos_v1:mesh_door":1,"minecraft:beetroot":2,"minecraft:bucket":1,"minecraft:cobblestone_slab":3,"aoa3:sand_golem_spawn_egg":1,"minecraft:furnace":1,"farmersdelight:cabbage_seeds":10,"minecraft:stick":228,"born_in_chaos_v1:shattered_skull":1,"minecraft:acacia_fence":2,"minecraft:acacia_log":1,"minecraft:torch":29,"minecraft:spruce_stairs":1,"minecraft:diorite":209,"byg:cattail":1,"minecraft:brown_carpet":4,"minecraft:zombie_spawn_egg":1,"minecraft:rotten_flesh":18,"minecraft:cow_spawn_egg":1,"byg:mahogany_sapling":155,"alexsmobs:emu_egg":1,"aoa3:raw_chimera_chop":9,"minecraft:iron_bars":1,"minecraft:cobblestone":2559,"minecraft:feather":6,"minecraft:andesite":298,"minecraft:brown_wool":1,"minecraft:flint":1,"aoa3:runium_ore":23,"born_in_chaos_v1:black_argillite_button":1,"minecraft:lapis_lazuli":169,"minecraft:dirt":1691,"byg:blue_sand":1,"born_in_chaos_v1:monster_skin":3,"minecraft:bone":16,"minecraft:stonecutter":2,"minecraft:wheat_seeds":36,"aoa3:chimera_spawn_egg":1,"aoa3:tea_seeds":1,"waystones:black_sharestone":2,"aoa3:sapphire":1,"alexsmobs:crocodile_egg":2,"minecraft:grass_block":1,"minecraft:dark_oak_log":1,"aoa3:ivory":1,"aoa3:ancient_rock":18,"minecraft:mossy_cobblestone":1,"minecraft:skeleton_spawn_egg":2,"born_in_chaos_v1:fire_dust":5,"aoa3:void_scales":1,"minecraft:diamond":5,"waystones:waystone":5,"minecraft:writable_book":2,"minecraft:granite":85,"minecraft:bread":4,"minecraft:emerald":3,"minecraft:oak_sapling":92,"minecraft:crafting_table":1,"byg:soapstone":46,"aoa3:copper_coin":38,"minecraft:stripped_warped_hyphae":1,"aoa3:worn_book":1,"byg:rainbow_eucalyptus_planks":232,"minecraft:wooden_pickaxe":2,"aoa3:limonite_ore":36,"byg:tiny_lilypads":3,"minecraft:spider_spawn_egg":1,"artifacts:feral_claws":1,"aoa3:jade":55,"minecraft:vex_spawn_egg":1,"usefulbackpacks:backpack_small":2,"minecraft:beef":43,"aoa3:raw_charger_shank":2,"minecraft:oak_boat":3,"byg:mahogany_planks":501,"minecraft:iron_nugget":2,"minecraft:poppy":7,"minecraft:light_gray_wool":2,"minecraft:sugar_cane":3,"minecraft:chest":4,"minecraft:egg":3,"farmersdelight:tomato_seeds":2,"tconstruct:sky_slime_dirt":2,"born_in_chaos_v1:pieceofdarkmetal":4,"minecraft:redstone":21,"minecraft:drowned_spawn_egg":1,"alexsmobs:crocodile_scute":2,"tconstruct:sky_slime_ball":1,"minecraft:arrow":5,"byg:purple_sand":6,"born_in_chaos_v1:diamond_thermite_shard":10,"aoa3:amethyst":45,"minecraft:beetroot_seeds":10,"byg:palm_log":3,"minecraft:mutton":9,"byg:rocky_stone":53,"minecraft:white_wool":75,"aoa3:carved_rune_of_reality":1,"minecraft:leather":18,"minecraft:oak_log":1245,"minecraft:lily_pad":20,"minecraft:cobblestone_stairs":7,"minecraft:paper":5,"byg:rainbow_eucalyptus_log":285,"byg:scoria_cobblestone":56,"minecraft:apple":21,"minecraft:stone_bricks":2,"byg:red_oak_sapling":174,"born_in_chaos_v1:chipped_black_argillite_brick":1,"minecraft:iron_ore":117,"tconstruct:copper_ore":21,"waystones:mossy_waystone":1,"minecraft:gravel":18,"aoa3:scrap_metal":1,"minecraft:soul_torch":1,"minecraft:gold_ore":14,"minecraft:spider_eye":1,"byg:palo_verde_log":6,"minecraft:gray_wool":2,"byg:mahogany_crafting_table":1,"minecraft:coal":527,"minecraft:ender_pearl":1},"minecraft:mined":{"minecraft:cobblestone_stairs":8,"byg:cattail":1,"minecraft:granite":85,"minecraft:acacia_log":1,"minecraft:grass_block":724,"born_in_chaos_v1:dark_metal_deposit":3,"minecraft:stripped_warped_hyphae":1,"aoa3:sapphire_ore":1,"byg:mahogany_log":185,"byg:red_oak_leaves":4572,"aoa3:ancient_rock":19,"minecraft:iron_ore":104,"minecraft:anvil":1,"minecraft:iron_bars":1,"byg:rainbow_eucalyptus_leaves":345,"byg:mahogany_leaves":1259,"tconstruct:sky_slime_dirt":3,"byg:purple_sand":5,"minecraft:torch":11,"minecraft:poppy":1,"minecraft:chest":4,"minecraft:cobblestone":29,"minecraft:wall_torch":14,"aoa3:limonite_ore":27,"byg:soapstone":46,"byg:palm_log":3,"byg:mahogany_crafting_table":1,"minecraft:grass":79,"tconstruct:earth_sky_slime_grass":2,"minecraft:oak_log":1424,"minecraft:dirt":990,"minecraft:stonecutter":2,"minecraft:oak_leaves":3041,"minecraft:diamond_ore":3,"minecraft:mossy_cobblestone":1,"born_in_chaos_v1:infected_diamond_ore":6,"minecraft:tube_coral_wall_fan":1,"born_in_chaos_v1:black_argillite":4,"farmersdelight:wild_cabbages":10,"minecraft:redstone_ore":4,"byg:rainbow_eucalyptus_sapling":2,"aoa3:amethyst_ore":20,"minecraft:andesite":286,"treechop:chopped_log":474,"aoa3:runium_ore":15,"byg:blue_sand":1,"minecraft:cobblestone_slab":3,"byg:rocky_stone":54,"minecraft:stone":2507,"tconstruct:copper_ore":15,"byg:rainbow_eucalyptus_log":58,"minecraft:infested_stone_bricks":1,"minecraft:brown_carpet":4,"minecraft:crafting_table":1,"minecraft:tall_grass":6,"born_in_chaos_v1:chipped_black_argillite_brick":3,"minecraft:lapis_ore":24,"farmersdelight:wild_tomatoes":6,"byg:red_oak_sapling":1,"minecraft:diorite":200,"minecraft:spruce_stairs":1,"farmersdelight:wild_beetroots":10,"byg:scoria_stone":57,"byg:short_grass":9,"minecraft:coal_ore":302,"minecraft:gravel":7,"aoa3:jade_ore":21,"minecraft:cobweb":4,"minecraft:stone_bricks":2,"minecraft:gold_ore":9},"minecraft:custom":{"minecraft:animals_bred":1,"minecraft:interact_with_crafting_table":78,"minecraft:open_barrel":6,"goblintraders:trade_with_goblin":6,"minecraft:leave_game":17,"minecraft:time_since_death":12479,"minecraft:sprint_one_cm":620518,"minecraft:drop":86,"minecraft:talked_to_villager":4,"minecraft:deaths":20,"minecraft:jump":6762,"minecraft:interact_with_brewingstand":2,"minecraft:walk_on_water_one_cm":39740,"minecraft:interact_with_furnace":66,"minecraft:play_one_minute":403941,"minecraft:sleep_in_bed":1,"minecraft:waystone_activated":7,"minecraft:damage_dealt":24333,"minecraft:crouch_one_cm":13613,"minecraft:inspect_dispenser":2,"minecraft:mob_kills":126,"minecraft:climb_one_cm":2779,"minecraft:walk_one_cm":918815,"minecraft:sneak_time":4739,"minecraft:walk_under_water_one_cm":17673,"minecraft:boat_one_cm":839521,"minecraft:interact_with_stonecutter":2,"minecraft:time_since_rest":12517,"minecraft:damage_taken":8902,"minecraft:swim_one_cm":5131,"minecraft:fly_one_cm":1020105,"minecraft:open_chest":180,"minecraft:fall_one_cm":196294}},"DataVersion":2586}