{"stats":{"minecraft:killed_by":{"aoa3:boneback":1,"tconstruct:earth_slime":1,"minecraft:pillager":1,"aoa3:chimera":2,"tconstruct:sky_slime":2,"aoa3:king_charger":1,"alexsmobs:crocodile":1,"artifacts:mimic":1,"minecraft:player":4,"minecraft:enderman":1,"born_in_chaos_v1:decaying_zombie":1,"aoa3:sea_troll":1,"born_in_chaos_v1:bonescaller":1,"alexsmobs:centipede_head":1,"minecraft:skeleton":2,"aoa3:goblin":1,"born_in_chaos_v1:diamond_thermite":1},"minecraft:mined":{"minecraft:dark_oak_planks":3,"minecraft:cobblestone_stairs":10,"minecraft:potted_cactus":1,"minecraft:potted_crimson_fungus":1,"byg:cattail":1,"minecraft:spruce_trapdoor":11,"minecraft:granite":349,"minecraft:acacia_log":1,"minecraft:grass_block":758,"born_in_chaos_v1:dark_metal_deposit":3,"minecraft:stripped_warped_hyphae":1,"aoa3:sapphire_ore":1,"minecraft:oxeye_daisy":2,"byg:mahogany_log":185,"byg:red_oak_leaves":4572,"aoa3:ancient_rock":19,"minecraft:iron_ore":303,"minecraft:anvil":2,"minecraft:iron_bars":1,"byg:rainbow_eucalyptus_leaves":345,"minecraft:potted_cornflower":2,"byg:mahogany_leaves":1259,"tconstruct:sky_slime_dirt":3,"byg:purple_sand":5,"minecraft:spruce_slab":56,"minecraft:smoker":4,"minecraft:torch":16,"minecraft:poppy":1,"minecraft:potted_warped_roots":1,"minecraft:chest":5,"minecraft:cobblestone":38,"minecraft:oak_planks":5,"minecraft:wall_torch":23,"aoa3:limonite_ore":27,"byg:soapstone":107,"byg:palm_log":3,"byg:red_spruce_leaves":701,"minecraft:stone_brick_stairs":4,"byg:mahogany_crafting_table":1,"minecraft:grass":136,"tconstruct:earth_sky_slime_grass":2,"minecraft:oak_log":1451,"minecraft:sand":21,"minecraft:dirt":1041,"minecraft:stonecutter":3,"minecraft:oak_leaves":3192,"minecraft:diamond_ore":29,"minecraft:mossy_cobblestone":1,"born_in_chaos_v1:infected_diamond_ore":6,"minecraft:ladder":13,"minecraft:tube_coral_wall_fan":1,"minecraft:spruce_fence":6,"born_in_chaos_v1:black_argillite":4,"farmersdelight:tomatoes":3,"minecraft:spruce_leaves":791,"farmersdelight:wild_cabbages":10,"minecraft:sandstone":11,"minecraft:redstone_ore":139,"minecraft:furnace":4,"byg:rainbow_eucalyptus_sapling":2,"aoa3:amethyst_ore":20,"minecraft:andesite":388,"treechop:chopped_log":580,"aoa3:runium_ore":15,"byg:blue_sand":1,"minecraft:bookshelf":62,"minecraft:cobblestone_slab":14,"minecraft:vine":1,"minecraft:lantern":26,"minecraft:stripped_oak_log":1,"byg:rocky_stone":228,"minecraft:stone":6103,"minecraft:potted_allium":3,"tconstruct:copper_ore":16,"byg:rainbow_eucalyptus_log":58,"minecraft:infested_stone_bricks":1,"minecraft:brown_carpet":4,"minecraft:stone_brick_slab":5,"minecraft:spruce_door":2,"minecraft:crafting_table":2,"minecraft:campfire":1,"minecraft:tall_grass":7,"born_in_chaos_v1:chipped_black_argillite_brick":3,"minecraft:lapis_ore":58,"farmersdelight:wild_tomatoes":6,"byg:red_oak_sapling":1,"minecraft:diorite":523,"minecraft:spruce_stairs":28,"farmersdelight:wild_beetroots":10,"byg:scoria_stone":124,"minecraft:spruce_log":195,"byg:short_grass":9,"minecraft:birch_leaves":1,"minecraft:yellow_bed":2,"minecraft:coal_ore":653,"minecraft:flower_pot":4,"minecraft:gravel":13,"aoa3:jade_ore":21,"minecraft:cobweb":4,"minecraft:spruce_fence_gate":2,"minecraft:stone_bricks":12,"minecraft:gold_ore":50},"minecraft:custom":{"minecraft:animals_bred":1,"minecraft:interact_with_crafting_table":197,"minecraft:open_barrel":14,"goblintraders:trade_with_goblin":6,"minecraft:leave_game":21,"minecraft:time_since_death":107932,"minecraft:sprint_one_cm":1068972,"minecraft:drop":130,"minecraft:talked_to_villager":4,"minecraft:deaths":25,"minecraft:interact_with_brewingstand":2,"minecraft:jump":18260,"minecraft:walk_on_water_one_cm":51140,"minecraft:interact_with_furnace":83,"minecraft:play_one_minute":774842,"minecraft:sleep_in_bed":5,"minecraft:waystone_activated":7,"minecraft:damage_dealt":33228,"minecraft:player_kills":4,"minecraft:crouch_one_cm":88951,"minecraft:interact_with_smoker":1,"minecraft:inspect_dispenser":2,"minecraft:interact_with_anvil":1,"minecraft:mob_kills":157,"minecraft:climb_one_cm":42770,"minecraft:walk_one_cm":2078829,"minecraft:sneak_time":27631,"minecraft:walk_under_water_one_cm":23001,"minecraft:boat_one_cm":839521,"minecraft:pot_flower":2,"minecraft:interact_with_stonecutter":2,"minecraft:time_since_rest":73199,"minecraft:damage_taken":12282,"minecraft:swim_one_cm":5634,"minecraft:fly_one_cm":1546530,"minecraft:open_chest":481,"minecraft:fall_one_cm":269626},"minecraft:picked_up":{"minecraft:wooden_axe":4,"byg:mahogany_log":268,"minecraft:wheat":4,"minecraft:flower_pot":12,"minecraft:anvil":2,"minecraft:stone_brick_stairs":4,"byg:palo_verde_sapling":5,"byg:rainbow_eucalyptus_sapling":23,"born_in_chaos_v1:black_argillite":4,"minecraft:string":8,"born_in_chaos_v1:mesh_door":1,"minecraft:beetroot":2,"minecraft:bucket":1,"minecraft:spruce_planks":67,"minecraft:cobblestone_slab":15,"aoa3:sand_golem_spawn_egg":1,"farmersdelight:cabbage_seeds":10,"minecraft:furnace":5,"minecraft:stick":339,"born_in_chaos_v1:shattered_skull":2,"minecraft:acacia_fence":2,"minecraft:torch":45,"minecraft:acacia_log":1,"minecraft:spruce_stairs":30,"minecraft:diorite":519,"byg:cattail":1,"minecraft:brown_carpet":4,"minecraft:zombie_spawn_egg":1,"minecraft:cactus":1,"minecraft:rotten_flesh":23,"minecraft:cow_spawn_egg":1,"byg:mahogany_sapling":155,"alexsmobs:emu_egg":2,"aoa3:raw_chimera_chop":9,"minecraft:iron_bars":1,"minecraft:cobblestone":6713,"minecraft:feather":15,"minecraft:andesite":516,"minecraft:brown_wool":1,"minecraft:smoker":4,"minecraft:flint":4,"aoa3:runium_ore":36,"born_in_chaos_v1:black_argillite_button":1,"aoa3:cyclops_spawn_egg":1,"minecraft:lapis_lazuli":458,"minecraft:dirt":2568,"minecraft:lantern":26,"byg:blue_sand":1,"born_in_chaos_v1:monster_skin":3,"minecraft:glass":4,"minecraft:bone":22,"minecraft:stonecutter":3,"minecraft:wheat_seeds":57,"byg:red_spruce_sapling":30,"aoa3:chimera_spawn_egg":1,"aoa3:tea_seeds":1,"waystones:black_sharestone":2,"minecraft:oak_planks":6,"aoa3:sapphire":1,"alexsmobs:crocodile_egg":2,"minecraft:sand":15,"minecraft:grass_block":1,"minecraft:dark_oak_log":1,"aoa3:ivory":1,"aoa3:ancient_rock":18,"minecraft:mossy_cobblestone":1,"minecraft:skeleton_spawn_egg":3,"minecraft:spruce_fence_gate":4,"born_in_chaos_v1:fire_dust":6,"aoa3:void_scales":1,"minecraft:diamond":87,"waystones:waystone":5,"minecraft:writable_book":2,"minecraft:granite":349,"minecraft:emerald":3,"minecraft:bread":4,"aoa3:rosite_ore":16,"minecraft:jack_o_lantern":1,"minecraft:oak_sapling":119,"minecraft:oak_leaves":142,"minecraft:charcoal":2,"minecraft:crafting_table":2,"minecraft:allium":3,"byg:soapstone":105,"aoa3:copper_coin":52,"minecraft:stripped_warped_hyphae":1,"minecraft:ladder":13,"aoa3:worn_book":1,"byg:rainbow_eucalyptus_planks":232,"minecraft:wooden_pickaxe":2,"aoa3:limonite_ore":49,"byg:tiny_lilypads":3,"minecraft:chain":2,"minecraft:spider_spawn_egg":1,"minecraft:cornflower":2,"artifacts:feral_claws":1,"aoa3:jade":61,"minecraft:vex_spawn_egg":1,"usefulbackpacks:backpack_small":2,"minecraft:beef":48,"aoa3:raw_charger_shank":5,"minecraft:oak_boat":3,"byg:mahogany_planks":501,"minecraft:light_gray_wool":2,"minecraft:iron_nugget":2,"minecraft:poppy":7,"minecraft:spruce_slab":68,"minecraft:sugar_cane":3,"minecraft:chest":7,"minecraft:phantom_membrane":2,"minecraft:spruce_trapdoor":11,"minecraft:egg":9,"minecraft:sandstone":14,"minecraft:spruce_fence":6,"farmersdelight:tomato_seeds":5,"tconstruct:sky_slime_dirt":2,"born_in_chaos_v1:pieceofdarkmetal":4,"minecraft:redstone":944,"minecraft:drowned_spawn_egg":1,"alexsmobs:crocodile_scute":2,"minecraft:dark_oak_planks":3,"tconstruct:sky_slime_ball":14,"minecraft:arrow":8,"byg:purple_sand":6,"born_in_chaos_v1:diamond_thermite_shard":10,"aoa3:amethyst":53,"minecraft:beetroot_seeds":10,"byg:palm_log":3,"minecraft:mutton":9,"byg:rocky_stone":242,"minecraft:white_wool":75,"minecraft:oxeye_daisy":2,"minecraft:stripped_oak_log":1,"minecraft:birch_leaves":1,"aoa3:carved_rune_of_reality":1,"minecraft:leather":20,"minecraft:crimson_fungus":1,"minecraft:oak_log":1277,"minecraft:lily_pad":20,"minecraft:yellow_bed":2,"minecraft:gunpowder":5,"minecraft:cobblestone_stairs":8,"minecraft:paper":5,"byg:scoria_cobblestone":147,"byg:rainbow_eucalyptus_log":285,"minecraft:apple":23,"minecraft:stone_bricks":12,"byg:red_oak_sapling":174,"born_in_chaos_v1:chipped_black_argillite_brick":1,"minecraft:iron_ore":476,"minecraft:book":186,"tconstruct:copper_ore":25,"minecraft:stone_brick_slab":6,"born_in_chaos_v1:ethereal_spirit":5,"waystones:mossy_waystone":1,"minecraft:gravel":27,"aoa3:scrap_metal":2,"minecraft:soul_torch":1,"minecraft:spruce_sapling":43,"minecraft:spruce_log":353,"minecraft:gold_ore":86,"minecraft:spruce_door":2,"minecraft:spider_eye":1,"byg:palo_verde_log":6,"minecraft:gray_wool":2,"byg:mahogany_crafting_table":1,"minecraft:warped_roots":1,"minecraft:black_wool":1,"minecraft:coal":1093,"minecraft:ender_pearl":1},"minecraft:broken":{"minecraft:stone_axe":1,"minecraft:wooden_axe":3,"supertools:shovelstone":3,"supertools:hammerstone":6,"minecraft:stone_hoe":1,"minecraft:wooden_pickaxe":1},"minecraft:dropped":{"minecraft:iron_sword":1,"byg:purple_sand":2,"aoa3:amethyst_sword":1,"byg:palo_verde_log":6,"minecraft:cobblestone_stairs":665,"minecraft:dirt":8,"minecraft:cornflower":2,"usefulbackpacks:backpack_small":2,"minecraft:chain":2,"minecraft:writable_book":2,"minecraft:sand":13,"minecraft:iron_pickaxe":1,"byg:scoria_cobblestone":10,"minecraft:bone":1,"byg:palm_planks":3,"minecraft:gravel":9,"usefulbackpacks:backpack_large":1,"minecraft:iron_nugget":1,"minecraft:beetroot":2,"minecraft:oak_planks":1,"byg:palo_verde_sapling":5,"aoa3:amethyst_pickaxe":3,"minecraft:poppy":7,"minecraft:gunpowder":2,"born_in_chaos_v1:chipped_black_argillite_brick":1,"byg:rocky_stone":18,"minecraft:beetroot_seeds":9,"byg:tiny_lilypads":3,"minecraft:arrow":2,"waystones:black_sharestone":2,"minecraft:glass":4,"farmersdelight:tomato_seeds":3,"minecraft:wheat_seeds":34,"aoa3:ancient_rock":17,"minecraft:cobblestone":9,"minecraft:apple":9,"minecraft:granite":28,"supertools:shovelstone":1,"minecraft:grass_block":1,"byg:cattail":1,"aoa3:limonite_axe":1,"born_in_chaos_v1:black_argillite":4,"minecraft:diorite":67,"minecraft:torch":52,"byg:soapstone":46,"minecraft:wooden_axe":2,"minecraft:cactus":1,"minecraft:bucket":4,"minecraft:lily_pad":20,"waystones:attuned_shard":1,"supertools:hammerstone":8,"farmersdelight:cabbage_seeds":10,"minecraft:flower_pot":10,"minecraft:allium":3,"aoa3:jade_axe":1,"minecraft:spruce_planks":67,"minecraft:andesite":81,"minecraft:sandstone":7},"minecraft:killed":{"aoa3:sand_golem":3,"aoa3:elkanyne":1,"born_in_chaos_v1:seared_spirit":1,"born_in_chaos_v1:restless_spirit":1,"minecraft:spider":4,"tconstruct:sky_slime":3,"minecraft:skeleton":11,"aoa3:shade":2,"aoa3:sasquatch":7,"aoa3:ghost":1,"aoa3:king_charger":1,"artifacts:mimic":1,"aoa3:ancient_golem":1,"aoa3:bomb_carrier":1,"minecraft:creeper":3,"minecraft:sheep":4,"minecraft:pillager":5,"minecraft:zombie":18,"aoa3:boneback":3,"aoa3:goblin":1,"born_in_chaos_v1:dread_hound":1,"born_in_chaos_v1:diamond_thermite":11,"alexsmobs:roadrunner":1,"minecraft:cow":25,"aoa3:realmshifter":1,"aoa3:charger":4,"aoa3:chimera":4,"minecraft:drowned":1,"alexsmobs:guster":1,"aoa3:night_reaper":2,"born_in_chaos_v1:skeleton_bomb":1,"aoa3:cyclops":2,"aoa3:mother_void_walker":1,"born_in_chaos_v1:decrepit_skeleton":8,"born_in_chaos_v1:zombieswith_door":1,"aoa3:bugeye":3,"aoa3:shadow":2,"alexsmobs:crocodile":1,"born_in_chaos_v1:dread_hound_n":2,"alexsmobs:gazelle":2,"born_in_chaos_v1:firelight_n":6,"minecraft:enderman":2},"minecraft:crafted":{"minecraft:oak_planks":940,"aoa3:jade_axe":1,"minecraft:cobblestone_slab":126,"minecraft:barrel":17,"usefulbackpacks:backpack_small":2,"minecraft:stone":770,"minecraft:cobblestone_stairs":696,"aoa3:limonite_axe":1,"minecraft:bookshelf":18,"supertools:shovelstone":4,"minecraft:glass":45,"minecraft:stone_brick_slab":66,"minecraft:chest":67,"minecraft:stone_hoe":3,"minecraft:stone_bricks":768,"minecraft:oak_fence":15,"byg:palm_boat":1,"byg:rainbow_eucalyptus_planks":152,"minecraft:emerald":6,"minecraft:crafting_table":4,"minecraft:spruce_planks":1684,"minecraft:wooden_pickaxe":1,"minecraft:spruce_door":3,"minecraft:campfire":40,"byg:palm_planks":12,"minecraft:stone_brick_stairs":248,"minecraft:spruce_trapdoor":42,"naturescompass:naturescompass":1,"minecraft:stick":664,"minecraft:compass":1,"usefulbackpacks:backpack_large":2,"minecraft:iron_ingot":117,"minecraft:iron_pickaxe":1,"minecraft:gold_ingot":9,"aoa3:limonite_ingot":27,"minecraft:spruce_fence_gate":42,"minecraft:shears":2,"minecraft:stone_shovel":36,"aoa3:amethyst_sword":1,"mining_dimension:teleporter":1,"aoa3:amethyst_axe":1,"supertools:hammerstone":14,"minecraft:furnace":12,"minecraft:bone_meal":9,"minecraft:spruce_fence":111,"aoa3:runium_chunk":11,"minecraft:glass_pane":112,"minecraft:spruce_stairs":388,"minecraft:leather":6,"minecraft:ladder":9,"minecraft:spruce_slab":708,"minecraft:stone_pickaxe":128,"minecraft:cobblestone_wall":18,"usefulbackpacks:backpack_medium":2,"byg:mahogany_planks":180,"byg:rainbow_eucalyptus_crafting_table":1,"minecraft:bucket":4,"minecraft:stone_axe":1,"aoa3:amethyst_pickaxe":3,"minecraft:air":0,"minecraft:oak_boat":1,"minecraft:white_wool":3,"aoa3:jade_pickaxe":1,"minecraft:wooden_axe":4,"minecraft:oak_stairs":20,"minecraft:white_bed":1,"minecraft:acacia_planks":4,"minecraft:torch":312,"byg:mahogany_boat":1,"byg:mahogany_crafting_table":1},"minecraft:used":{"minecraft:jack_o_lantern":1,"minecraft:writable_book":2,"minecraft:spruce_slab":580,"minecraft:ladder":21,"waystones:black_sharestone":2,"minecraft:chest":68,"minecraft:rotten_flesh":16,"minecraft:mutton":9,"aoa3:amethyst_axe":290,"byg:palm_boat":1,"minecraft:lava_bucket":26,"byg:rainbow_eucalyptus_crafting_table":1,"byg:purple_sand":5,"aoa3:amethyst_sword":191,"minecraft:lantern":26,"byg:red_oak_sapling":21,"minecraft:stone_brick_stairs":226,"minecraft:stone_bricks":174,"byg:rainbow_eucalyptus_planks":1,"minecraft:brown_carpet":4,"minecraft:oak_sapling":2,"minecraft:furnace":17,"aoa3:jade_axe":514,"minecraft:egg":9,"minecraft:potato":3,"minecraft:diorite":67,"minecraft:spruce_door":5,"minecraft:birch_leaves":1,"minecraft:oak_planks":221,"minecraft:wooden_pickaxe":48,"minecraft:sandstone":7,"byg:mahogany_crafting_table":1,"minecraft:oak_leaves":41,"minecraft:shears":145,"supertools:shovelstone":362,"waystones:waystone":5,"minecraft:bread":8,"minecraft:gravel":1,"minecraft:andesite":76,"byg:red_spruce_sapling":19,"minecraft:oak_boat":4,"mining_dimension:teleporter":1,"minecraft:bone_meal":9,"byg:rainbow_eucalyptus_sapling":2,"minecraft:iron_bars":1,"supertools:hammerstone":1113,"minecraft:stone_shovel":33,"aoa3:limonite_axe":193,"aoa3:raw_charger_shank":3,"minecraft:stone_hoe":185,"minecraft:torch":175,"minecraft:dirt":286,"minecraft:anvil":2,"minecraft:spruce_stairs":416,"minecraft:cobblestone_wall":16,"aoa3:amethyst_pickaxe":76,"minecraft:spruce_fence":112,"minecraft:stone_brick_slab":70,"minecraft:dark_oak_planks":3,"minecraft:wooden_axe":145,"born_in_chaos_v1:black_argillite_button":1,"minecraft:bookshelf":18,"minecraft:oak_stairs":20,"minecraft:barrel":17,"minecraft:beef":43,"farmersdelight:iron_knife":2,"minecraft:water_bucket":12,"minecraft:cobblestone_stairs":62,"aoa3:raw_chimera_chop":9,"byg:rocky_stone":10,"minecraft:stonecutter":3,"minecraft:spruce_fence_gate":42,"minecraft:cobblestone_slab":128,"minecraft:mossy_cobblestone":1,"minecraft:crafting_table":6,"minecraft:white_bed":1,"minecraft:campfire":40,"minecraft:spruce_log":1,"minecraft:smoker":4,"tconstruct:sky_slime_dirt":1,"minecraft:oak_log":544,"minecraft:flower_pot":2,"minecraft:apple":189,"minecraft:oxeye_daisy":1,"waystones:mossy_waystone":2,"minecraft:iron_pickaxe":183,"minecraft:spruce_trapdoor":53,"byg:soapstone":1,"minecraft:spruce_sapling":1,"minecraft:stone_axe":119,"minecraft:cobblestone":402,"aoa3:sand_golem_spawn_egg":1,"byg:mahogany_boat":1,"aoa3:jade_pickaxe":285,"minecraft:bucket":39,"minecraft:glass_pane":40,"minecraft:yellow_bed":2,"minecraft:splash_potion":1,"alexsmobs:emu_egg":2}},"DataVersion":2586}