{"stats":{"minecraft:dropped":{"byg:purple_sand":2,"minecraft:wheat_seeds":13,"aoa3:ancient_rock":17,"minecraft:cobblestone":8,"aoa3:amethyst_sword":1,"minecraft:granite":28,"byg:palo_verde_log":6,"minecraft:cobblestone_stairs":665,"byg:cattail":1,"minecraft:dirt":6,"born_in_chaos_v1:black_argillite":4,"minecraft:diorite":41,"byg:soapstone":46,"minecraft:wooden_axe":2,"usefulbackpacks:backpack_small":2,"byg:scoria_cobblestone":10,"waystones:attuned_shard":1,"byg:palm_planks":3,"minecraft:gravel":9,"supertools:hammerstone":3,"aoa3:amethyst_pickaxe":1,"byg:palo_verde_sapling":5,"born_in_chaos_v1:chipped_black_argillite_brick":1,"byg:rocky_stone":9,"minecraft:andesite":65,"minecraft:arrow":2,"waystones:black_sharestone":2},"minecraft:killed":{"aoa3:sand_golem":2,"aoa3:elkanyne":1,"born_in_chaos_v1:restless_spirit":1,"aoa3:charger":1,"minecraft:spider":4,"aoa3:chimera":4,"tconstruct:sky_slime":2,"minecraft:skeleton":4,"aoa3:shade":2,"aoa3:sasquatch":2,"aoa3:ghost":1,"minecraft:drowned":1,"artifacts:mimic":1,"aoa3:night_reaper":2,"aoa3:mother_void_walker":1,"minecraft:creeper":1,"born_in_chaos_v1:decrepit_skeleton":4,"aoa3:bugeye":2,"minecraft:sheep":4,"minecraft:pillager":4,"aoa3:shadow":2,"minecraft:zombie":12,"aoa3:boneback":3,"alexsmobs:crocodile":1,"born_in_chaos_v1:dread_hound":1,"born_in_chaos_v1:dread_hound_n":1,"alexsmobs:gazelle":2,"born_in_chaos_v1:diamond_thermite":11,"alexsmobs:roadrunner":1,"born_in_chaos_v1:firelight_n":4,"minecraft:enderman":1,"minecraft:cow":20},"minecraft:used":{"minecraft:iron_bars":1,"supertools:hammerstone":423,"waystones:black_sharestone":2,"minecraft:chest":20,"aoa3:raw_charger_shank":1,"minecraft:torch":89,"minecraft:rotten_flesh":12,"minecraft:mutton":9,"minecraft:anvil":1,"aoa3:amethyst_pickaxe":40,"byg:palm_boat":1,"minecraft:wooden_axe":145,"minecraft:lava_bucket":18,"byg:rainbow_eucalyptus_crafting_table":1,"born_in_chaos_v1:black_argillite_button":1,"byg:purple_sand":5,"aoa3:amethyst_sword":191,"byg:red_oak_sapling":15,"byg:rainbow_eucalyptus_planks":1,"minecraft:brown_carpet":4,"minecraft:beef":37,"minecraft:oak_sapling":1,"minecraft:furnace":9,"minecraft:egg":1,"aoa3:jade_axe":322,"minecraft:potato":3,"farmersdelight:iron_knife":2,"minecraft:diorite":64,"minecraft:cobblestone_stairs":56,"minecraft:wooden_pickaxe":48,"aoa3:raw_chimera_chop":9,"minecraft:cobblestone_slab":3,"minecraft:stonecutter":2,"byg:rocky_stone":2,"byg:mahogany_crafting_table":1,"minecraft:mossy_cobblestone":1,"minecraft:crafting_table":2,"minecraft:white_bed":1,"tconstruct:sky_slime_dirt":1,"waystones:waystone":4,"minecraft:apple":60,"minecraft:bread":4,"waystones:mossy_waystone":2,"minecraft:iron_pickaxe":99,"minecraft:stone_axe":119,"minecraft:cobblestone":132,"aoa3:sand_golem_spawn_egg":1,"byg:mahogany_boat":1,"minecraft:andesite":76,"minecraft:bucket":19,"minecraft:splash_potion":1,"byg:rainbow_eucalyptus_sapling":2,"alexsmobs:emu_egg":1},"minecraft:broken":{"minecraft:wooden_pickaxe":1,"minecraft:stone_axe":1,"minecraft:wooden_axe":3,"supertools:hammerstone":2},"minecraft:killed_by":{"aoa3:boneback":1,"minecraft:player":1,"tconstruct:earth_slime":1,"minecraft:pillager":1,"minecraft:enderman":1,"aoa3:chimera":2,"tconstruct:sky_slime":2,"born_in_chaos_v1:decaying_zombie":1,"alexsmobs:crocodile":1,"alexsmobs:centipede_head":1,"minecraft:skeleton":2,"artifacts:mimic":1,"born_in_chaos_v1:diamond_thermite":1},"minecraft:crafted":{"minecraft:oak_planks":96,"aoa3:jade_axe":1,"aoa3:amethyst_sword":1,"supertools:hammerstone":5,"usefulbackpacks:backpack_small":2,"minecraft:furnace":8,"minecraft:cobblestone_stairs":696,"aoa3:runium_chunk":11,"minecraft:stone_pickaxe":45,"minecraft:chest":24,"usefulbackpacks:backpack_medium":1,"byg:mahogany_planks":180,"byg:palm_boat":1,"byg:rainbow_eucalyptus_crafting_table":1,"byg:rainbow_eucalyptus_planks":152,"minecraft:emerald":6,"minecraft:crafting_table":2,"minecraft:wooden_pickaxe":1,"minecraft:bucket":4,"minecraft:stone_axe":1,"aoa3:amethyst_pickaxe":2,"minecraft:air":0,"byg:palm_planks":12,"minecraft:white_wool":3,"naturescompass:naturescompass":1,"minecraft:stick":100,"usefulbackpacks:backpack_large":1,"minecraft:iron_ingot":117,"minecraft:compass":1,"minecraft:iron_pickaxe":1,"minecraft:wooden_axe":4,"minecraft:gold_ingot":9,"minecraft:white_bed":1,"aoa3:limonite_ingot":27,"minecraft:acacia_planks":4,"minecraft:torch":112,"byg:mahogany_boat":1,"minecraft:shears":1,"byg:mahogany_crafting_table":1},"minecraft:picked_up":{"minecraft:wooden_axe":4,"byg:mahogany_log":268,"byg:soapstone":46,"minecraft:wheat":4,"minecraft:stripped_warped_hyphae":1,"aoa3:copper_coin":26,"minecraft:anvil":1,"aoa3:worn_book":1,"byg:rainbow_eucalyptus_planks":232,"minecraft:wooden_pickaxe":2,"aoa3:limonite_ore":27,"byg:palo_verde_sapling":5,"byg:rainbow_eucalyptus_sapling":23,"minecraft:spider_spawn_egg":1,"born_in_chaos_v1:black_argillite":4,"minecraft:string":8,"artifacts:feral_claws":1,"aoa3:jade":31,"minecraft:vex_spawn_egg":1,"minecraft:beetroot":2,"usefulbackpacks:backpack_small":1,"aoa3:raw_charger_shank":1,"minecraft:beef":37,"byg:mahogany_planks":501,"minecraft:cobblestone_slab":3,"minecraft:light_gray_wool":2,"minecraft:sugar_cane":3,"aoa3:sand_golem_spawn_egg":1,"minecraft:chest":4,"farmersdelight:cabbage_seeds":10,"minecraft:egg":3,"minecraft:furnace":1,"minecraft:stick":204,"born_in_chaos_v1:shattered_skull":1,"minecraft:acacia_fence":2,"minecraft:torch":29,"minecraft:acacia_log":1,"minecraft:spruce_stairs":1,"tconstruct:sky_slime_dirt":2,"minecraft:diorite":169,"born_in_chaos_v1:pieceofdarkmetal":3,"minecraft:redstone":21,"byg:cattail":1,"minecraft:drowned_spawn_egg":1,"alexsmobs:crocodile_scute":2,"minecraft:brown_carpet":4,"tconstruct:sky_slime_ball":1,"minecraft:arrow":5,"byg:purple_sand":6,"minecraft:rotten_flesh":15,"born_in_chaos_v1:diamond_thermite_shard":10,"minecraft:beetroot_seeds":9,"aoa3:amethyst":34,"minecraft:cow_spawn_egg":1,"byg:mahogany_sapling":155,"alexsmobs:emu_egg":1,"byg:palm_log":3,"minecraft:mutton":9,"minecraft:iron_bars":1,"aoa3:raw_chimera_chop":9,"byg:rocky_stone":53,"minecraft:white_wool":75,"minecraft:cobblestone":2329,"minecraft:feather":4,"aoa3:carved_rune_of_reality":1,"minecraft:andesite":257,"minecraft:leather":17,"minecraft:brown_wool":1,"minecraft:flint":1,"aoa3:runium_ore":15,"minecraft:oak_log":964,"born_in_chaos_v1:black_argillite_button":1,"minecraft:cobblestone_stairs":7,"minecraft:lapis_lazuli":169,"minecraft:dirt":18,"minecraft:paper":5,"byg:blue_sand":1,"born_in_chaos_v1:monster_skin":1,"byg:scoria_cobblestone":56,"minecraft:bone":15,"byg:rainbow_eucalyptus_log":285,"minecraft:apple":17,"minecraft:stonecutter":2,"byg:red_oak_sapling":149,"minecraft:wheat_seeds":18,"aoa3:chimera_spawn_egg":1,"born_in_chaos_v1:chipped_black_argillite_brick":1,"minecraft:iron_ore":95,"aoa3:tea_seeds":1,"waystones:black_sharestone":2,"tconstruct:copper_ore":16,"aoa3:sapphire":1,"waystones:mossy_waystone":1,"minecraft:gravel":11,"alexsmobs:crocodile_egg":2,"minecraft:soul_torch":1,"aoa3:ancient_rock":17,"minecraft:gold_ore":9,"minecraft:spider_eye":1,"minecraft:dark_oak_log":1,"aoa3:ivory":1,"minecraft:mossy_cobblestone":1,"minecraft:skeleton_spawn_egg":2,"aoa3:void_scales":1,"born_in_chaos_v1:fire_dust":3,"minecraft:diamond":5,"waystones:waystone":4,"byg:palo_verde_log":6,"minecraft:granite":72,"minecraft:gray_wool":2,"byg:mahogany_crafting_table":1,"minecraft:emerald":3,"minecraft:oak_sapling":54,"minecraft:coal":286,"minecraft:ender_pearl":1},"minecraft:custom":{"minecraft:mob_kills":104,"minecraft:animals_bred":1,"minecraft:interact_with_crafting_table":63,"minecraft:open_barrel":6,"goblintraders:trade_with_goblin":6,"minecraft:leave_game":17,"minecraft:time_since_death":25942,"minecraft:climb_one_cm":2779,"minecraft:sprint_one_cm":453972,"minecraft:walk_one_cm":684945,"minecraft:drop":58,"minecraft:talked_to_villager":2,"minecraft:sneak_time":3984,"minecraft:deaths":17,"minecraft:walk_under_water_one_cm":17478,"minecraft:boat_one_cm":508259,"minecraft:interact_with_brewingstand":2,"minecraft:jump":4526,"minecraft:walk_on_water_one_cm":37723,"minecraft:interact_with_furnace":34,"minecraft:play_one_minute":301941,"minecraft:interact_with_stonecutter":2,"minecraft:sleep_in_bed":1,"minecraft:waystone_activated":6,"minecraft:time_since_rest":26228,"minecraft:damage_taken":7402,"minecraft:damage_dealt":19823,"minecraft:swim_one_cm":5131,"minecraft:fly_one_cm":682052,"minecraft:open_chest":112,"minecraft:crouch_one_cm":10556,"minecraft:fall_one_cm":162379,"minecraft:inspect_dispenser":2},"minecraft:mined":{"minecraft:diamond_ore":3,"minecraft:mossy_cobblestone":1,"minecraft:cobblestone_stairs":8,"born_in_chaos_v1:infected_diamond_ore":6,"byg:cattail":1,"minecraft:acacia_log":1,"minecraft:granite":72,"born_in_chaos_v1:dark_metal_deposit":2,"minecraft:tube_coral_wall_fan":1,"born_in_chaos_v1:black_argillite":4,"farmersdelight:wild_cabbages":10,"minecraft:stripped_warped_hyphae":1,"aoa3:sapphire_ore":1,"byg:mahogany_log":185,"minecraft:redstone_ore":4,"byg:red_oak_leaves":4041,"aoa3:ancient_rock":19,"byg:rainbow_eucalyptus_sapling":2,"minecraft:iron_ore":94,"aoa3:amethyst_ore":20,"minecraft:andesite":245,"aoa3:runium_ore":15,"treechop:chopped_log":385,"minecraft:anvil":1,"byg:blue_sand":1,"minecraft:cobblestone_slab":3,"minecraft:iron_bars":1,"byg:rainbow_eucalyptus_leaves":345,"byg:rocky_stone":54,"byg:mahogany_leaves":1259,"tconstruct:sky_slime_dirt":3,"minecraft:stone":2278,"byg:purple_sand":5,"tconstruct:copper_ore":10,"byg:rainbow_eucalyptus_log":58,"minecraft:infested_stone_bricks":1,"minecraft:brown_carpet":4,"minecraft:torch":11,"minecraft:chest":4,"minecraft:tall_grass":6,"farmersdelight:wild_tomatoes":2,"born_in_chaos_v1:chipped_black_argillite_brick":2,"minecraft:cobblestone":27,"minecraft:lapis_ore":24,"byg:red_oak_sapling":1,"minecraft:diorite":160,"minecraft:wall_torch":14,"aoa3:limonite_ore":27,"farmersdelight:wild_beetroots":9,"minecraft:spruce_stairs":1,"byg:soapstone":46,"byg:scoria_stone":57,"byg:palm_log":3,"byg:short_grass":6,"byg:mahogany_crafting_table":1,"minecraft:grass":39,"tconstruct:earth_sky_slime_grass":2,"minecraft:coal_ore":227,"minecraft:oak_log":1105,"aoa3:jade_ore":21,"minecraft:dirt":16,"minecraft:cobweb":4,"minecraft:stonecutter":2,"minecraft:gold_ore":9,"minecraft:oak_leaves":1858}},"DataVersion":2586}